/*
 Navicat Premium Data Transfer

 Source Server         : 121.43.116.27-aliyun
 Source Server Type    : MySQL
 Source Server Version : 50173
 Source Host           : 121.43.116.27
 Source Database       : ehelp

 Target Server Type    : MySQL
 Target Server Version : 50173
 File Encoding         : utf-8

 Date: 03/26/2016 00:32:13 AM
*/

SET NAMES utf8;
SET FOREIGN_KEY_CHECKS = 0;

-- ----------------------------
--  Table structure for `file_server_config`
-- ----------------------------
DROP TABLE IF EXISTS `file_server_config`;
CREATE TABLE `file_server_config` (
  `SERVER_NAME` varchar(50) COLLATE utf8_bin NOT NULL COMMENT '服务名称',
  `SERVER_IP` varchar(50) COLLATE utf8_bin DEFAULT NULL COMMENT '服务地址',
  `SERVER_PORT` int(5) DEFAULT NULL COMMENT '服务端口',
  `USER_NAME` varchar(50) COLLATE utf8_bin DEFAULT NULL COMMENT '用户名',
  `PASSWORD` varchar(100) COLLATE utf8_bin DEFAULT NULL COMMENT '密码',
  `PROTOCOL` varchar(20) COLLATE utf8_bin DEFAULT NULL COMMENT '协议',
  `ROOT_PATH` varchar(100) COLLATE utf8_bin DEFAULT NULL COMMENT '根路径',
  `HTTP_PORT` int(5) DEFAULT NULL COMMENT 'http端口',
  `HTTP_PATH` varchar(100) COLLATE utf8_bin DEFAULT NULL COMMENT 'http路径',
  `SERVER_DESC` varchar(100) COLLATE utf8_bin DEFAULT NULL COMMENT '描述',
  `HTTP_URL` varchar(32) COLLATE utf8_bin DEFAULT NULL COMMENT '外网访问地址',
  PRIMARY KEY (`SERVER_NAME`)
) ENGINE=InnoDB DEFAULT CHARSET=utf8 COLLATE=utf8_bin ROW_FORMAT=COMPACT;

-- ----------------------------
--  Records of `file_server_config`
-- ----------------------------
BEGIN;
INSERT INTO `file_server_config` VALUES ('VFS_LOCAL_FILE_SERVER', 'localhost', '21', 'fusj', 'Huweiying2008', 'ftp', '/Users/fusj/Documents/filetmp', '80', '/', null, null), ('VFS_REMOTE_FILE_SERVER', '121.43.116.27', '22', 'root', 'Huweiying2008', 'sftp', '/usr/tank/icare', '80', '/', null, '121.43.116.27');
COMMIT;

-- ----------------------------
--  Table structure for `file_upload_info`
-- ----------------------------
DROP TABLE IF EXISTS `file_upload_info`;
CREATE TABLE `file_upload_info` (
  `FILE_ID` varchar(20) COLLATE utf8_bin NOT NULL COMMENT '文件ID，R/U+Timestamp+3位序列',
  `FILE_NAME` varchar(200) COLLATE utf8_bin DEFAULT NULL COMMENT '文件名',
  `FILE_SERVER` varchar(50) COLLATE utf8_bin DEFAULT NULL COMMENT '服务名称',
  `FILE_PATH` varchar(200) COLLATE utf8_bin DEFAULT NULL COMMENT '文件路径',
  `FILE_EXT` varchar(10) COLLATE utf8_bin DEFAULT NULL COMMENT '文件后缀',
  `FILE_SIZE` bigint(11) DEFAULT NULL COMMENT '文件大小',
  `CREATE_TIME` datetime DEFAULT NULL COMMENT '创建时间',
  `USER_ID` int(6) DEFAULT NULL COMMENT '创建人',
  PRIMARY KEY (`FILE_ID`)
) ENGINE=InnoDB DEFAULT CHARSET=utf8 COLLATE=utf8_bin ROW_FORMAT=COMPACT;

-- ----------------------------
--  Records of `file_upload_info`
-- ----------------------------
BEGIN;
INSERT INTO `file_upload_info` VALUES ('R2015112416202959704', 'null_1448353229597_0.6108056701645912', 'VFS_RAINBOW_FILE_SERVER', '/data/mapp/rainbow/20151124', 'jpg', '114117', '2015-11-24 16:20:37', null), ('R2015112618094766595', 'null_1448532587664_0.8493190077055501', 'VFS_RAINBOW_FILE_SERVER', '/data/mapp/rainbow/20151126', 'jpg', '114117', '2015-11-26 18:09:49', null), ('R2015121614265536997', 'null_1450247215368_0.9192685427911667', 'VFS_RAINBOW_FILE_SERVER', '/data/mapp/rainbow/20151216', 'jpg', '342869', '2015-12-16 14:26:56', null), ('R2015121614275184698', 'null_1450247271846_0.4905692937201229', 'VFS_RAINBOW_FILE_SERVER', '/data/mapp/rainbow/20151216', 'jpg', '342869', '2015-12-16 14:27:53', null), ('R2015121615234025695', 'null_1450250620248_0.19911760660966726', 'VFS_RAINBOW_FILE_SERVER', '/data/mapp/rainbow/20151216', 'jpg', '342869', '2015-12-16 15:23:44', null), ('R2015121615501582596', 'null_1450252215818_0.08330390645170616', 'VFS_RAINBOW_FILE_SERVER', '/data/mapp/rainbow/20151216', 'jpg', '406828', '2015-12-16 15:50:16', null), ('R2015121616134846497', 'null_1450253628458_0.9758441501873434', 'VFS_RAINBOW_FILE_SERVER', '/data/mapp/rainbow/20151216', 'jpg', '458094', '2015-12-16 16:13:49', null), ('R2015121616195270898', 'null_1450253992703_0.3637073422460879', 'VFS_RAINBOW_FILE_SERVER', '/data/mapp/rainbow/20151216', 'jpg', '294463', '2015-12-16 16:19:54', null), ('R2015121616210474600', 'null_1450254064741_0.4588957467695254', 'VFS_RAINBOW_FILE_SERVER', '/data/mapp/rainbow/20151216', 'jpg', '342869', '2015-12-16 16:21:06', null), ('R2015121616342543601', 'null_1450254865431_0.8348444426112668', 'VFS_RAINBOW_FILE_SERVER', '/data/mapp/rainbow/20151216', 'jpg', '458094', '2015-12-16 16:34:27', null), ('R2015121616403814103', 'null_1450255238141_0.6540328416029284', 'VFS_RAINBOW_FILE_SERVER', '/data/mapp/rainbow/20151216', 'jpg', '264060', '2015-12-16 16:40:39', null), ('R2015121616411963904', 'null_1450255279638_0.3218723641924104', 'VFS_RAINBOW_FILE_SERVER', '/data/mapp/rainbow/20151216', 'jpg', '328383', '2015-12-16 16:41:25', null), ('R2015121616435126705', 'null_1450255431267_0.5509498514139132', 'VFS_RAINBOW_FILE_SERVER', '/data/mapp/rainbow/20151216', 'jpg', '463803', '2015-12-16 16:43:52', null), ('R2015121711072350395', 'null_1450321638696_0.7924116750482809', 'VFS_RAINBOW_FILE_SERVER', '/data/mapp/rainbow/20151217', 'jpg', '349690', '2015-12-17 11:08:09', null), ('R2015121711084334096', 'null_1450321721830_0.0969478345961452', 'VFS_RAINBOW_FILE_SERVER', '/data/mapp/rainbow/20151217', 'jpg', '325449', '2015-12-17 11:09:50', null), ('R2015121711154611797', 'null_1450322141211_0.34123211380436425', 'VFS_RAINBOW_FILE_SERVER', '/data/mapp/rainbow/20151217', 'jpg', '458094', '2015-12-17 11:16:42', null), ('R2015121716353133695', 'null_1450341331335_0.20754046062977138', 'VFS_RAINBOW_FILE_SERVER', '/data/mapp/rainbow/20151217', 'jpg', '325449', '2015-12-17 16:35:43', null), ('R2016011511172617395', 'null_1452827846172_0.19722841206999875', 'VFS_RAINBOW_FILE_SERVER', '/data/mapp/rainbow/20160115', 'jpg', '328483', '2016-01-15 11:17:29', null), ('R2016011511173002096', 'null_1452827850020_0.10247761021604096', 'VFS_RAINBOW_FILE_SERVER', '/data/mapp/rainbow/20160115', 'jpg', '347061', '2016-01-15 11:17:31', null), ('R2016011511173215397', 'null_1452827852152_0.6645584286029712', 'VFS_RAINBOW_FILE_SERVER', '/data/mapp/rainbow/20160115', 'jpg', '304157', '2016-01-15 11:17:33', null), ('R2016011511173407998', 'null_1452827854079_0.19504735741415802', 'VFS_RAINBOW_FILE_SERVER', '/data/mapp/rainbow/20160115', 'jpg', '268642', '2016-01-15 11:17:35', null), ('R2016011511310114695', '87_1452828661145_0.8859988257557665', 'VFS_RAINBOW_FILE_SERVER', '/data/mapp/rainbow/20160115', 'jpg', '306502', '2016-01-15 11:31:03', '87'), ('R2016011515035935595', '87_1452841439352_0.49832014032100314', 'VFS_RAINBOW_FILE_SERVER', '/data/mapp/rainbow/20160115', 'jpg', '338041', '2016-01-15 15:04:14', '87'), ('R2016011515041425496', '87_1452841454254_0.9132143518839267', 'VFS_RAINBOW_FILE_SERVER', '/data/mapp/rainbow/20160115', 'jpg', '338041', '2016-01-15 15:04:18', '87'), ('R2016011515041883097', '87_1452841458830_0.09716167376053908', 'VFS_RAINBOW_FILE_SERVER', '/data/mapp/rainbow/20160115', 'jpg', '321588', '2016-01-15 15:04:25', '87'), ('R2016011619125330597', 'null_1452942773305_0.18859540951056752', 'VFS_RAINBOW_FILE_SERVER', '/data/mapp/rainbow/20160116', 'jpg', '289979', '2016-01-16 19:12:56', null), ('R2016011620184482595', '88_1452946724824_0.013593775306381506', 'VFS_RAINBOW_FILE_SERVER', '/data/mapp/rainbow/20160116', 'jpg', '308161', '2016-01-16 20:18:45', '88'), ('R2016011715425875096', '90_1453016578750_0.17145841020334185', 'VFS_RAINBOW_FILE_SERVER', '/data/mapp/rainbow/20160117', 'jpg', '324605', '2016-01-17 15:42:58', '90'), ('R2016011715425882697', '90_1453016578826_0.21733154547427813', 'VFS_RAINBOW_FILE_SERVER', '/data/mapp/rainbow/20160117', 'jpg', '325517', '2016-01-17 15:42:58', '90'), ('R2016011912442617095', '91_1453178666169_0.8190190087019996', 'VFS_RAINBOW_FILE_SERVER', '/data/mapp/rainbow/20160119', 'jpg', '340328', '2016-01-19 12:44:26', '91'), ('R2016011912442711296', '91_1453178667112_0.8273966819063376', 'VFS_RAINBOW_FILE_SERVER', '/data/mapp/rainbow/20160119', 'jpg', '360710', '2016-01-19 12:44:27', '91'), ('R2016011912442718897', '91_1453178667188_0.843128115635315', 'VFS_RAINBOW_FILE_SERVER', '/data/mapp/rainbow/20160119', 'jpg', '268133', '2016-01-19 12:44:27', '91'), ('R2016011912530371398', '91_1453179183713_0.8339275132119504', 'VFS_RAINBOW_FILE_SERVER', '/data/mapp/rainbow/20160119', 'jpg', '282475', '2016-01-19 12:53:03', '91'), ('R2016011912530375200', '91_1453179183752_0.11792147414869503', 'VFS_RAINBOW_FILE_SERVER', '/data/mapp/rainbow/20160119', 'jpg', '287475', '2016-01-19 12:53:03', '91'), ('R2016011912530378101', '91_1453179183781_0.36279100101703166', 'VFS_RAINBOW_FILE_SERVER', '/data/mapp/rainbow/20160119', 'jpg', '302653', '2016-01-19 12:53:03', '91'), ('R2016011914374551502', '91_1453185465514_0.5796233144453539', 'VFS_RAINBOW_FILE_SERVER', '/data/mapp/rainbow/20160119', 'jpg', '293456', '2016-01-19 14:37:45', '91'), ('R2016011914374557103', '91_1453185465571_0.15474087833191308', 'VFS_RAINBOW_FILE_SERVER', '/data/mapp/rainbow/20160119', 'jpg', '305846', '2016-01-19 14:37:45', '91'), ('R2016011914374560304', '91_1453185465603_0.1448217625246948', 'VFS_RAINBOW_FILE_SERVER', '/data/mapp/rainbow/20160119', 'jpg', '272731', '2016-01-19 14:37:45', '91'), ('R2016011914384336705', '91_1453185523366_0.6845367301071957', 'VFS_RAINBOW_FILE_SERVER', '/data/mapp/rainbow/20160119', 'jpg', '315381', '2016-01-19 14:38:43', '91'), ('R2016011914384340106', '91_1453185523401_0.2977538846753329', 'VFS_RAINBOW_FILE_SERVER', '/data/mapp/rainbow/20160119', 'jpg', '303381', '2016-01-19 14:38:43', '91'), ('R2016011914384343707', '91_1453185523437_0.8363381126952514', 'VFS_RAINBOW_FILE_SERVER', '/data/mapp/rainbow/20160119', 'jpg', '256904', '2016-01-19 14:38:43', '91'), ('R2016011914395029908', '91_1453185590298_0.873441308046283', 'VFS_RAINBOW_FILE_SERVER', '/data/mapp/rainbow/20160119', 'jpg', '234653', '2016-01-19 14:39:50', '91'), ('R2016011914395032509', '91_1453185590325_0.9892896912937691', 'VFS_RAINBOW_FILE_SERVER', '/data/mapp/rainbow/20160119', 'jpg', '245882', '2016-01-19 14:39:50', '91'), ('R2016011914395034810', '91_1453185590348_0.21799382388374078', 'VFS_RAINBOW_FILE_SERVER', '/data/mapp/rainbow/20160119', 'jpg', '253878', '2016-01-19 14:39:50', '91'), ('R2016011915114621211', '91_1453187506211_0.22461529057537077', 'VFS_RAINBOW_FILE_SERVER', '/data/mapp/rainbow/20160119', 'jpg', '276286', '2016-01-19 15:11:46', '91'), ('R2016011915114625012', '91_1453187506249_0.8892290396053194', 'VFS_RAINBOW_FILE_SERVER', '/data/mapp/rainbow/20160119', 'jpg', '301769', '2016-01-19 15:11:46', '91'), ('R2016011915114628913', '91_1453187506289_0.9440799810386151', 'VFS_RAINBOW_FILE_SERVER', '/data/mapp/rainbow/20160119', 'jpg', '270929', '2016-01-19 15:11:46', '91'), ('R2016011917085112114', '91_1453194531120_0.8719939442043455', 'VFS_RAINBOW_FILE_SERVER', '/data/mapp/rainbow/20160119', 'jpg', '247223', '2016-01-19 17:08:51', '91'), ('R2016011917094428415', '91_1453194584284_0.13717786834579593', 'VFS_RAINBOW_FILE_SERVER', '/data/mapp/rainbow/20160119', 'jpg', '265338', '2016-01-19 17:09:44', '91'), ('R2016011917105299616', '91_1453194652996_0.36560037263091594', 'VFS_RAINBOW_FILE_SERVER', '/data/mapp/rainbow/20160119', 'jpg', '342655', '2016-01-19 17:10:53', '91'), ('R2016012010214858417', '91_1453256508583_0.8010535047320944', 'VFS_RAINBOW_FILE_SERVER', '/data/mapp/rainbow/20160120', 'jpg', '316265', '2016-01-20 10:21:48', '91'), ('R2016012010214862818', '91_1453256508628_0.8261111293618123', 'VFS_RAINBOW_FILE_SERVER', '/data/mapp/rainbow/20160120', 'jpg', '280786', '2016-01-20 10:21:48', '91'), ('R2016012010214866419', '91_1453256508664_0.506290480073786', 'VFS_RAINBOW_FILE_SERVER', '/data/mapp/rainbow/20160120', 'jpg', '361850', '2016-01-20 10:21:48', '91'), ('R2016012221340093596', '1_1453469640884_0.8853718352342688', 'VFS_RAINBOW_FILE_SERVER', '/data/mapp/rainbow/20160122', 'xls', '29184', '2016-01-22 21:34:02', '1'), ('R2016012223000354697', '1_1453474803509_0.31041603402795326', 'VFS_RAINBOW_FILE_SERVER', '/data/mapp/rainbow/20160122', 'xls', '23040', '2016-01-22 23:00:07', '1'), ('R2016012223004073298', '1_1453474840661_0.3674565724653065', 'VFS_RAINBOW_FILE_SERVER', '/data/mapp/rainbow/20160122', 'xls', '23040', '2016-01-22 23:00:42', '1'), ('R2016012223134206595', '1_1453475622027_0.8608537792162034', 'VFS_RAINBOW_FILE_SERVER', '/data/mapp/rainbow/20160122', 'xls', '22528', '2016-01-22 23:13:45', '1'), ('R2016012223274609295', '1_1453476466039_0.9741764753064726', 'VFS_RAINBOW_FILE_SERVER', '/data/mapp/rainbow/20160122', 'xls', '22528', '2016-01-22 23:27:49', '1'), ('R2016012300283651196', '1_1453480116469_0.36970222324438884', 'VFS_RAINBOW_FILE_SERVER', '/data/mapp/rainbow/20160123', 'xls', '22528', '2016-01-23 00:28:40', '1'), ('R2016012300342981097', '1_1453480469769_0.8317848926326622', 'VFS_RAINBOW_FILE_SERVER', '/data/mapp/rainbow/20160123', 'xls', '22528', '2016-01-23 00:34:32', '1'), ('R2016012300370511098', '1_1453480625068_0.9530340868788111', 'VFS_RAINBOW_FILE_SERVER', '/data/mapp/rainbow/20160123', 'xls', '22528', '2016-01-23 00:37:07', '1'), ('R2016012300391226900', '1_1453480752226_0.5514551224325289', 'VFS_RAINBOW_FILE_SERVER', '/data/mapp/rainbow/20160123', 'xls', '22528', '2016-01-23 00:39:14', '1'), ('R2016012300395836701', '1_1453480798141_0.8530116129238332', 'VFS_RAINBOW_FILE_SERVER', '/data/mapp/rainbow/20160123', 'xls', '22528', '2016-01-23 00:40:00', '1'), ('R2016012300401624202', '1_1453480815970_0.19693783178137403', 'VFS_RAINBOW_FILE_SERVER', '/data/mapp/rainbow/20160123', 'xls', '22528', '2016-01-23 00:40:19', '1'), ('R2016012300411138503', '1_1453480871339_0.288797084460496', 'VFS_RAINBOW_FILE_SERVER', '/data/mapp/rainbow/20160123', 'xls', '22528', '2016-01-23 00:41:13', '1'), ('R2016012300445518895', '1_1453481095127_0.2013463439196428', 'VFS_RAINBOW_FILE_SERVER', '/data/mapp/rainbow/20160123', 'xls', '22528', '2016-01-23 00:44:58', '1'), ('R2016012300453097696', '1_1453481130927_0.9617283499399049', 'VFS_RAINBOW_FILE_SERVER', '/data/mapp/rainbow/20160123', 'xls', '22528', '2016-01-23 00:45:33', '1'), ('R2016012300480724795', '1_1453481287209_0.511528485635909', 'VFS_RAINBOW_FILE_SERVER', '/data/mapp/rainbow/20160123', 'xls', '22528', '2016-01-23 00:48:11', '1'), ('R2016012300492007396', '1_1453481360010_0.3858412653623958', 'VFS_RAINBOW_FILE_SERVER', '/data/mapp/rainbow/20160123', 'xls', '22528', '2016-01-23 00:49:21', '1'), ('R2016012300530447997', '1_1453481584432_0.8649098074462203', 'VFS_RAINBOW_FILE_SERVER', '/data/mapp/rainbow/20160123', 'xls', '22528', '2016-01-23 00:53:06', '1'), ('R2016012300541842598', '1_1453481658382_0.3031219144467555', 'VFS_RAINBOW_FILE_SERVER', '/data/mapp/rainbow/20160123', 'xls', '22528', '2016-01-23 00:54:20', '1'), ('R2016012300552650800', '1_1453481726467_0.8709144781423297', 'VFS_RAINBOW_FILE_SERVER', '/data/mapp/rainbow/20160123', 'xls', '22528', '2016-01-23 00:55:29', '1'), ('R2016020110003439195', '1_1454292034350_0.60304886710934', 'VFS_RAINBOW_FILE_SERVER', '/data/mapp/rainbow/20160201', 'xls', '22528', '2016-02-01 10:00:37', '1'), ('R2016020110043367596', '1_1454292273624_0.7847823213347165', 'VFS_RAINBOW_FILE_SERVER', '/data/mapp/rainbow/20160201', 'xls', '23040', '2016-02-01 10:04:34', '1'), ('R2016020110064117897', '1_1454292401134_0.15483628236362146', 'VFS_RAINBOW_FILE_SERVER', '/data/mapp/rainbow/20160201', 'xls', '22528', '2016-02-01 10:06:42', '1'), ('R2016020110085038198', '1_1454292530326_0.8619026062692045', 'VFS_RAINBOW_FILE_SERVER', '/data/mapp/rainbow/20160201', 'xls', '22528', '2016-02-01 10:08:51', '1'), ('R2016020110095881500', '1_1454292598778_0.39105454702637776', 'VFS_RAINBOW_FILE_SERVER', '/data/mapp/rainbow/20160201', 'xls', '22528', '2016-02-01 10:09:59', '1'), ('R2016020110102301301', '1_1454292622973_0.3824794133646141', 'VFS_RAINBOW_FILE_SERVER', '/data/mapp/rainbow/20160201', 'xls', '22528', '2016-02-01 10:10:24', '1'), ('R2016020110103097102', '1_1454292630933_0.38216916578882487', 'VFS_RAINBOW_FILE_SERVER', '/data/mapp/rainbow/20160201', 'xls', '23040', '2016-02-01 10:10:32', '1'), ('R2016020110104060503', '1_1454292640565_0.5245784219941019', 'VFS_RAINBOW_FILE_SERVER', '/data/mapp/rainbow/20160201', 'xls', '22528', '2016-02-01 10:10:41', '1'), ('R2016020110111934604', '1_1454292679308_0.2916386089518813', 'VFS_RAINBOW_FILE_SERVER', '/data/mapp/rainbow/20160201', 'xls', '22528', '2016-02-01 10:11:20', '1'), ('R2016020110112938405', '1_1454292689345_0.8611612710075216', 'VFS_RAINBOW_FILE_SERVER', '/data/mapp/rainbow/20160201', 'xls', '23040', '2016-02-01 10:11:30', '1'), ('R2016020110114738506', '1_1454292707347_0.334215083111285', 'VFS_RAINBOW_FILE_SERVER', '/data/mapp/rainbow/20160201', 'xls', '22528', '2016-02-01 10:11:48', '1'), ('R2016020215595370595', '1_1454399993652_0.9500084164463763', 'VFS_RAINBOW_FILE_SERVER', '/data/mapp/rainbow/20160202', 'xls', '23040', '2016-02-02 15:59:56', '1'), ('R2016020216060084095', '1_1454400360799_0.28021899567048836', 'VFS_RAINBOW_FILE_SERVER', '/data/mapp/rainbow/20160202', 'xls', '23552', '2016-02-02 16:06:03', '1'), ('R2016020216105800895', '1_1454400657961_0.7444905481435269', 'VFS_RAINBOW_FILE_SERVER', '/data/mapp/rainbow/20160202', 'xls', '29696', '2016-02-02 16:11:00', '1'), ('R2016022914335177495', '1_1456727631720_0.8435012354032557', 'VFS_RAINBOW_FILE_SERVER', '/data/mapp/rainbow/20160229', 'xls', '44032', '2016-02-29 14:33:54', '1'), ('R2016022914364949196', '1_1456727809437_0.8106392774028034', 'VFS_RAINBOW_FILE_SERVER', '/data/mapp/rainbow/20160229', 'xls', '44032', '2016-02-29 14:36:50', '1'), ('R2016022914562656497', '1_1456728986515_0.69098044738918', 'VFS_RAINBOW_FILE_SERVER', '/data/mapp/rainbow/20160229', 'xls', '36864', '2016-02-29 14:56:28', '1'), ('R2016022915123099695', '1_1456729950950_0.48445277259900865', 'VFS_RAINBOW_FILE_SERVER', '/data/mapp/rainbow/20160229', 'xls', '34816', '2016-02-29 15:12:34', '1'), ('R2016022915242705395', '1_1456730666997_0.962718014556472', 'VFS_RAINBOW_FILE_SERVER', '/data/mapp/rainbow/20160229', 'xls', '38912', '2016-02-29 15:24:30', '1'), ('R2016022915281145596', '1_1456730891415_0.7373279969376654', 'VFS_RAINBOW_FILE_SERVER', '/data/mapp/rainbow/20160229', 'xls', '38912', '2016-02-29 15:28:12', '1'), ('R2016022915304289397', '1_1456731042844_0.5863653105616385', 'VFS_RAINBOW_FILE_SERVER', '/data/mapp/rainbow/20160229', 'xls', '37888', '2016-02-29 15:30:44', '1'), ('R2016022915350737198', '1_1456731307322_0.6467716417774019', 'VFS_RAINBOW_FILE_SERVER', '/data/mapp/rainbow/20160229', 'xls', '38912', '2016-02-29 15:35:08', '1'), ('R2016022915352363400', '1_1456731323590_0.06363108625595393', 'VFS_RAINBOW_FILE_SERVER', '/data/mapp/rainbow/20160229', 'xls', '34816', '2016-02-29 15:35:25', '1'), ('R2016022915354352601', '1_1456731343479_0.11315099821771113', 'VFS_RAINBOW_FILE_SERVER', '/data/mapp/rainbow/20160229', 'xls', '38912', '2016-02-29 15:35:45', '1'), ('R2016022915523423795', '1_1456732354190_0.40050039268528814', 'VFS_RAINBOW_FILE_SERVER', '/data/mapp/rainbow/20160229', 'xls', '36864', '2016-02-29 15:52:37', '1'), ('R2016031513515511904', 'Australia.png', 'VFS_RAINBOW_FILE_SERVER_DUBBO', '/data/mapp/rainbow/20160315', 'png', '30993', '2016-03-15 13:51:55', '2'), ('R2016031513562762705', 'Chouchin Shinku (Lantern).gif', 'VFS_RAINBOW_FILE_SERVER_DUBBO', '/data/mapp/rainbow/20160315', 'gif', '2204', '2016-03-15 13:56:28', '2'), ('R2016031514044927708', 'Ishidourou (Snow Lantern).gif', 'VFS_RAINBOW_FILE_SERVER_DUBBO', '/data/mapp/rainbow/20160315', 'gif', '2344', '2016-03-15 14:04:49', '2'), ('R2016031514201094913', 'Koi.gif', 'VFS_RAINBOW_FILE_SERVER_DUBBO', '/data/mapp/rainbow/20160315', 'gif', '1920', '2016-03-15 14:20:11', '2'), ('R2016031514210796414', 'Shodou (Calligraphy).gif', 'VFS_RAINBOW_FILE_SERVER_DUBBO', '/data/mapp/rainbow/20160315', 'gif', '2457', '2016-03-15 14:21:08', '2'), ('R2016031514443694195', 'Shodou (Calligraphy).gif', 'VFS_RAINBOW_FILE_SERVER_DUBBO', '/data/mapp/rainbow/20160315', 'gif', '2457', '2016-03-15 14:44:37', '2'), ('R2016031514493340097', 'iChing Kouka (\'Tails\' Coin).gif', 'VFS_RAINBOW_FILE_SERVER_DUBBO', '/data/mapp/rainbow/20160315', 'gif', '2912', '2016-03-15 14:49:34', '2'), ('R2016031515001804498', 'Fuurin (Glass Wind Chime).gif', 'VFS_RAINBOW_FILE_SERVER_DUBBO', '/data/mapp/rainbow/20160315', 'gif', '1496', '2016-03-15 15:00:18', '2'), ('R2016031515021375100', 'Chouchin Kuroshiro (Lantern).gif', 'VFS_RAINBOW_FILE_SERVER_DUBBO', '/data/mapp/rainbow/20160315', 'gif', '2816', '2016-03-15 15:02:14', '2'), ('R2016031515055379101', 'Chouchin Shinku (Lantern).gif', 'VFS_RAINBOW_FILE_SERVER_DUBBO', '/data/mapp/rainbow/20160315', 'gif', '2204', '2016-03-15 15:05:54', '2'), ('U2016031418273847295', 'test.png', 'VFS_RAINBOW_FILE_SERVER', '/data/mapp/rainbow/20160314', 'png', '117384', '2016-03-14 18:27:42', '1'), ('U2016031418273921396', 'test.png', 'VFS_RAINBOW_FILE_SERVER', '/data/mapp/rainbow/20160314', 'png', '117384', '2016-03-14 18:27:43', '1'), ('U2016031418274025797', 'test.png', 'VFS_RAINBOW_FILE_SERVER', '/data/mapp/rainbow/20160314', 'png', '117384', '2016-03-14 18:27:43', '1'), ('U2016031418294070398', 'test.png', 'VFS_RAINBOW_FILE_SERVER', '/data/mapp/rainbow/20160314', 'png', '117384', '2016-03-14 18:29:41', '1'), ('U2016031513411227801', '架构图片1', 'VFS_RAINBOW_FILE_SERVER_DUBBO', '/data/mapp/rainbow/20160315', 'png', '117384', '2016-03-15 13:41:12', '1'), ('U2016031514022480606', '架构图片1', 'VFS_RAINBOW_FILE_SERVER_DUBBO', '/data/mapp/rainbow/20160315', 'png', '117384', '2016-03-15 14:02:25', '1'), ('U2016031514044570907', '架构图片22', 'VFS_RAINBOW_FILE_SERVER_DUBBO', '/data/mapp/rainbow/20160315', 'png', '117384', '2016-03-15 14:04:46', '1'), ('U2016031514145772212', 'test222', 'VFS_RAINBOW_FILE_SERVER_DUBBO', '/data/mapp/rainbow/20160315', 'png', '117384', '2016-03-15 14:14:58', '1'), ('U2016031514454290796', 'test3', 'VFS_RAINBOW_FILE_SERVER_DUBBO', '/data/mapp/rainbow/20160315', 'png', '117384', '2016-03-15 14:45:43', '1'), ('U2016031515512203496', '111111.png', 'VFS_RAINBOW_FILE_SERVER', '/data/mapp/rainbow/20160315', 'png', '117384', '2016-03-15 15:51:23', '1'), ('U2016031516032127095', '架构图片1', 'VFS_RAINBOW_FILE_SERVER', '/data/mapp/rainbow/20160315', 'png', '117384', '2016-03-15 16:03:23', '1'), ('U2016031516503936295', 'test222', 'VFS_RAINBOW_FILE_SERVER', '/data/mapp/rainbow/20160315', 'png', '117384', '2016-03-15 16:50:41', '1'), ('U2016031516532095996', 'test222', 'VFS_RAINBOW_FILE_SERVER', '/data/mapp/rainbow/20160315', 'png', '117384', '2016-03-15 16:53:22', '1'), ('U2016031516571570795', 'test222', 'VFS_RAINBOW_FILE_SERVER', '/data/mapp/rainbow/20160315', 'png', '117384', '2016-03-15 16:58:53', '1');
COMMIT;

-- ----------------------------
--  Table structure for `file_upload_record`
-- ----------------------------
DROP TABLE IF EXISTS `file_upload_record`;
CREATE TABLE `file_upload_record` (
  `BUSI_SN` bigint(11) NOT NULL AUTO_INCREMENT COMMENT '流水   SEQ_FILE_UPLOAD_RECORD',
  `FILE_ID` varchar(20) COLLATE utf8_bin DEFAULT NULL COMMENT '文件id',
  `FILE_SERVER` varchar(50) COLLATE utf8_bin DEFAULT NULL COMMENT '服务名称',
  `FILE_NAME` varchar(200) COLLATE utf8_bin DEFAULT NULL COMMENT '文件名',
  `FILE_PATH` varchar(200) COLLATE utf8_bin DEFAULT NULL COMMENT '文件路径',
  `OPTR_TYPE` int(1) DEFAULT NULL COMMENT '操作类型；0:添加；1:删除',
  `OPTR_DATE` datetime DEFAULT NULL COMMENT '操作时间',
  `USER_ID` int(6) DEFAULT NULL COMMENT '操作人',
  PRIMARY KEY (`BUSI_SN`)
) ENGINE=InnoDB AUTO_INCREMENT=1453880420117 DEFAULT CHARSET=utf8 COLLATE=utf8_bin ROW_FORMAT=COMPACT;

-- ----------------------------
--  Records of `file_upload_record`
-- ----------------------------
BEGIN;
INSERT INTO `file_upload_record` VALUES ('189', 'R2015112416202959704', 'VFS_RAINBOW_FILE_SERVER', 'null_1448353229597_0.6108056701645912', '/data/mapp/rainbow/20151124', '0', '2015-11-24 16:20:37', null), ('190', 'R2015112618094766595', 'VFS_RAINBOW_FILE_SERVER', 'null_1448532587664_0.8493190077055501', '/data/mapp/rainbow/20151126', '0', '2015-11-26 18:09:49', null), ('201', 'R2015121614265536997', 'VFS_RAINBOW_FILE_SERVER', 'null_1450247215368_0.9192685427911667', '/data/mapp/rainbow/20151216', '0', '2015-12-16 14:26:56', null), ('202', 'R2015121614275184698', 'VFS_RAINBOW_FILE_SERVER', 'null_1450247271846_0.4905692937201229', '/data/mapp/rainbow/20151216', '0', '2015-12-16 14:27:53', null), ('203', 'R2015121615234025695', 'VFS_RAINBOW_FILE_SERVER', 'null_1450250620248_0.19911760660966726', '/data/mapp/rainbow/20151216', '0', '2015-12-16 15:23:44', null), ('204', 'R2015121615501582596', 'VFS_RAINBOW_FILE_SERVER', 'null_1450252215818_0.08330390645170616', '/data/mapp/rainbow/20151216', '0', '2015-12-16 15:50:17', null), ('205', 'R2015121616134846497', 'VFS_RAINBOW_FILE_SERVER', 'null_1450253628458_0.9758441501873434', '/data/mapp/rainbow/20151216', '0', '2015-12-16 16:13:49', null), ('206', 'R2015121616195270898', 'VFS_RAINBOW_FILE_SERVER', 'null_1450253992703_0.3637073422460879', '/data/mapp/rainbow/20151216', '0', '2015-12-16 16:19:55', null), ('207', 'R2015121616210474600', 'VFS_RAINBOW_FILE_SERVER', 'null_1450254064741_0.4588957467695254', '/data/mapp/rainbow/20151216', '0', '2015-12-16 16:21:06', null), ('208', 'R2015121616342543601', 'VFS_RAINBOW_FILE_SERVER', 'null_1450254865431_0.8348444426112668', '/data/mapp/rainbow/20151216', '0', '2015-12-16 16:34:27', null), ('210', 'R2015121616403814103', 'VFS_RAINBOW_FILE_SERVER', 'null_1450255238141_0.6540328416029284', '/data/mapp/rainbow/20151216', '0', '2015-12-16 16:40:39', null), ('211', 'R2015121616411963904', 'VFS_RAINBOW_FILE_SERVER', 'null_1450255279638_0.3218723641924104', '/data/mapp/rainbow/20151216', '0', '2015-12-16 16:41:25', null), ('212', 'R2015121616435126705', 'VFS_RAINBOW_FILE_SERVER', 'null_1450255431267_0.5509498514139132', '/data/mapp/rainbow/20151216', '0', '2015-12-16 16:43:52', null), ('213', 'R2015121711072350395', 'VFS_RAINBOW_FILE_SERVER', 'null_1450321638696_0.7924116750482809', '/data/mapp/rainbow/20151217', '0', '2015-12-17 11:08:09', null), ('214', 'R2015121711084334096', 'VFS_RAINBOW_FILE_SERVER', 'null_1450321721830_0.0969478345961452', '/data/mapp/rainbow/20151217', '0', '2015-12-17 11:09:50', null), ('215', 'R2015121711154611797', 'VFS_RAINBOW_FILE_SERVER', 'null_1450322141211_0.34123211380436425', '/data/mapp/rainbow/20151217', '0', '2015-12-17 11:16:42', null), ('217', 'R2015121716353133695', 'VFS_RAINBOW_FILE_SERVER', 'null_1450341331335_0.20754046062977138', '/data/mapp/rainbow/20151217', '0', '2015-12-17 16:35:43', null), ('221', 'R2016011511172617395', 'VFS_RAINBOW_FILE_SERVER', 'null_1452827846172_0.19722841206999875', '/data/mapp/rainbow/20160115', '0', '2016-01-15 11:17:29', null), ('222', 'R2016011511173002096', 'VFS_RAINBOW_FILE_SERVER', 'null_1452827850020_0.10247761021604096', '/data/mapp/rainbow/20160115', '0', '2016-01-15 11:17:31', null), ('223', 'R2016011511173215397', 'VFS_RAINBOW_FILE_SERVER', 'null_1452827852152_0.6645584286029712', '/data/mapp/rainbow/20160115', '0', '2016-01-15 11:17:33', null), ('224', 'R2016011511173407998', 'VFS_RAINBOW_FILE_SERVER', 'null_1452827854079_0.19504735741415802', '/data/mapp/rainbow/20160115', '0', '2016-01-15 11:17:36', null), ('225', 'R2016011511310114695', 'VFS_RAINBOW_FILE_SERVER', '87_1452828661145_0.8859988257557665', '/data/mapp/rainbow/20160115', '0', '2016-01-15 11:31:03', '87'), ('226', 'R2016011515035935595', 'VFS_RAINBOW_FILE_SERVER', '87_1452841439352_0.49832014032100314', '/data/mapp/rainbow/20160115', '0', '2016-01-15 15:04:14', '87'), ('227', 'R2016011515041425496', 'VFS_RAINBOW_FILE_SERVER', '87_1452841454254_0.9132143518839267', '/data/mapp/rainbow/20160115', '0', '2016-01-15 15:04:18', '87'), ('228', 'R2016011515041883097', 'VFS_RAINBOW_FILE_SERVER', '87_1452841458830_0.09716167376053908', '/data/mapp/rainbow/20160115', '0', '2016-01-15 15:04:25', '87'), ('231', 'R2016011619125330597', 'VFS_RAINBOW_FILE_SERVER', 'null_1452942773305_0.18859540951056752', '/data/mapp/rainbow/20160116', '0', '2016-01-16 19:12:56', null), ('235', 'R2016011620184482595', 'VFS_RAINBOW_FILE_SERVER', '88_1452946724824_0.013593775306381506', '/data/mapp/rainbow/20160116', '0', '2016-01-16 20:18:45', '88'), ('236', 'R2016011715425875096', 'VFS_RAINBOW_FILE_SERVER', '90_1453016578750_0.17145841020334185', '/data/mapp/rainbow/20160117', '0', '2016-01-17 15:42:58', '90'), ('237', 'R2016011715425882697', 'VFS_RAINBOW_FILE_SERVER', '90_1453016578826_0.21733154547427813', '/data/mapp/rainbow/20160117', '0', '2016-01-17 15:42:58', '90'), ('238', 'R2016011912442617095', 'VFS_RAINBOW_FILE_SERVER', '91_1453178666169_0.8190190087019996', '/data/mapp/rainbow/20160119', '0', '2016-01-19 12:44:27', '91'), ('239', 'R2016011912442711296', 'VFS_RAINBOW_FILE_SERVER', '91_1453178667112_0.8273966819063376', '/data/mapp/rainbow/20160119', '0', '2016-01-19 12:44:27', '91'), ('240', 'R2016011912442718897', 'VFS_RAINBOW_FILE_SERVER', '91_1453178667188_0.843128115635315', '/data/mapp/rainbow/20160119', '0', '2016-01-19 12:44:27', '91'), ('241', 'R2016011912530371398', 'VFS_RAINBOW_FILE_SERVER', '91_1453179183713_0.8339275132119504', '/data/mapp/rainbow/20160119', '0', '2016-01-19 12:53:03', '91'), ('242', 'R2016011912530375200', 'VFS_RAINBOW_FILE_SERVER', '91_1453179183752_0.11792147414869503', '/data/mapp/rainbow/20160119', '0', '2016-01-19 12:53:03', '91'), ('243', 'R2016011912530378101', 'VFS_RAINBOW_FILE_SERVER', '91_1453179183781_0.36279100101703166', '/data/mapp/rainbow/20160119', '0', '2016-01-19 12:53:03', '91'), ('244', 'R2016011914374551502', 'VFS_RAINBOW_FILE_SERVER', '91_1453185465514_0.5796233144453539', '/data/mapp/rainbow/20160119', '0', '2016-01-19 14:37:45', '91'), ('245', 'R2016011914374557103', 'VFS_RAINBOW_FILE_SERVER', '91_1453185465571_0.15474087833191308', '/data/mapp/rainbow/20160119', '0', '2016-01-19 14:37:45', '91'), ('246', 'R2016011914374560304', 'VFS_RAINBOW_FILE_SERVER', '91_1453185465603_0.1448217625246948', '/data/mapp/rainbow/20160119', '0', '2016-01-19 14:37:45', '91'), ('247', 'R2016011914384336705', 'VFS_RAINBOW_FILE_SERVER', '91_1453185523366_0.6845367301071957', '/data/mapp/rainbow/20160119', '0', '2016-01-19 14:38:43', '91'), ('248', 'R2016011914384340106', 'VFS_RAINBOW_FILE_SERVER', '91_1453185523401_0.2977538846753329', '/data/mapp/rainbow/20160119', '0', '2016-01-19 14:38:43', '91'), ('249', 'R2016011914384343707', 'VFS_RAINBOW_FILE_SERVER', '91_1453185523437_0.8363381126952514', '/data/mapp/rainbow/20160119', '0', '2016-01-19 14:38:43', '91'), ('250', 'R2016011914395029908', 'VFS_RAINBOW_FILE_SERVER', '91_1453185590298_0.873441308046283', '/data/mapp/rainbow/20160119', '0', '2016-01-19 14:39:50', '91'), ('251', 'R2016011914395032509', 'VFS_RAINBOW_FILE_SERVER', '91_1453185590325_0.9892896912937691', '/data/mapp/rainbow/20160119', '0', '2016-01-19 14:39:50', '91'), ('252', 'R2016011914395034810', 'VFS_RAINBOW_FILE_SERVER', '91_1453185590348_0.21799382388374078', '/data/mapp/rainbow/20160119', '0', '2016-01-19 14:39:50', '91'), ('253', 'R2016011915114621211', 'VFS_RAINBOW_FILE_SERVER', '91_1453187506211_0.22461529057537077', '/data/mapp/rainbow/20160119', '0', '2016-01-19 15:11:46', '91'), ('254', 'R2016011915114625012', 'VFS_RAINBOW_FILE_SERVER', '91_1453187506249_0.8892290396053194', '/data/mapp/rainbow/20160119', '0', '2016-01-19 15:11:46', '91'), ('255', 'R2016011915114628913', 'VFS_RAINBOW_FILE_SERVER', '91_1453187506289_0.9440799810386151', '/data/mapp/rainbow/20160119', '0', '2016-01-19 15:11:46', '91'), ('256', 'R2016011917085112114', 'VFS_RAINBOW_FILE_SERVER', '91_1453194531120_0.8719939442043455', '/data/mapp/rainbow/20160119', '0', '2016-01-19 17:08:51', '91'), ('257', 'R2016011917094428415', 'VFS_RAINBOW_FILE_SERVER', '91_1453194584284_0.13717786834579593', '/data/mapp/rainbow/20160119', '0', '2016-01-19 17:09:44', '91'), ('258', 'R2016011917105299616', 'VFS_RAINBOW_FILE_SERVER', '91_1453194652996_0.36560037263091594', '/data/mapp/rainbow/20160119', '0', '2016-01-19 17:10:53', '91'), ('259', 'R2016012010214858417', 'VFS_RAINBOW_FILE_SERVER', '91_1453256508583_0.8010535047320944', '/data/mapp/rainbow/20160120', '0', '2016-01-20 10:21:48', '91'), ('260', 'R2016012010214862818', 'VFS_RAINBOW_FILE_SERVER', '91_1453256508628_0.8261111293618123', '/data/mapp/rainbow/20160120', '0', '2016-01-20 10:21:48', '91'), ('261', 'R2016012010214866419', 'VFS_RAINBOW_FILE_SERVER', '91_1453256508664_0.506290480073786', '/data/mapp/rainbow/20160120', '0', '2016-01-20 10:21:48', '91'), ('262', 'R2016012221340093596', 'VFS_RAINBOW_FILE_SERVER', '1_1453469640884_0.8853718352342688', '/data/mapp/rainbow/20160122', '0', '2016-01-22 21:34:02', '1'), ('263', 'R2016012223000354697', 'VFS_RAINBOW_FILE_SERVER', '1_1453474803509_0.31041603402795326', '/data/mapp/rainbow/20160122', '0', '2016-01-22 23:00:07', '1'), ('264', 'R2016012223004073298', 'VFS_RAINBOW_FILE_SERVER', '1_1453474840661_0.3674565724653065', '/data/mapp/rainbow/20160122', '0', '2016-01-22 23:00:42', '1'), ('265', 'R2016012223134206595', 'VFS_RAINBOW_FILE_SERVER', '1_1453475622027_0.8608537792162034', '/data/mapp/rainbow/20160122', '0', '2016-01-22 23:13:45', '1'), ('266', 'R2016012223274609295', 'VFS_RAINBOW_FILE_SERVER', '1_1453476466039_0.9741764753064726', '/data/mapp/rainbow/20160122', '0', '2016-01-22 23:27:49', '1'), ('267', 'R2016012300283651196', 'VFS_RAINBOW_FILE_SERVER', '1_1453480116469_0.36970222324438884', '/data/mapp/rainbow/20160123', '0', '2016-01-23 00:28:40', '1'), ('268', 'R2016012300342981097', 'VFS_RAINBOW_FILE_SERVER', '1_1453480469769_0.8317848926326622', '/data/mapp/rainbow/20160123', '0', '2016-01-23 00:34:32', '1'), ('269', 'R2016012300370511098', 'VFS_RAINBOW_FILE_SERVER', '1_1453480625068_0.9530340868788111', '/data/mapp/rainbow/20160123', '0', '2016-01-23 00:37:07', '1'), ('270', 'R2016012300391226900', 'VFS_RAINBOW_FILE_SERVER', '1_1453480752226_0.5514551224325289', '/data/mapp/rainbow/20160123', '0', '2016-01-23 00:39:14', '1'), ('271', 'R2016012300395836701', 'VFS_RAINBOW_FILE_SERVER', '1_1453480798141_0.8530116129238332', '/data/mapp/rainbow/20160123', '0', '2016-01-23 00:40:01', '1'), ('272', 'R2016012300401624202', 'VFS_RAINBOW_FILE_SERVER', '1_1453480815970_0.19693783178137403', '/data/mapp/rainbow/20160123', '0', '2016-01-23 00:40:19', '1'), ('273', 'R2016012300411138503', 'VFS_RAINBOW_FILE_SERVER', '1_1453480871339_0.288797084460496', '/data/mapp/rainbow/20160123', '0', '2016-01-23 00:41:13', '1'), ('274', 'R2016012300445518895', 'VFS_RAINBOW_FILE_SERVER', '1_1453481095127_0.2013463439196428', '/data/mapp/rainbow/20160123', '0', '2016-01-23 00:44:58', '1'), ('275', 'R2016012300453097696', 'VFS_RAINBOW_FILE_SERVER', '1_1453481130927_0.9617283499399049', '/data/mapp/rainbow/20160123', '0', '2016-01-23 00:45:33', '1'), ('276', 'R2016012300480724795', 'VFS_RAINBOW_FILE_SERVER', '1_1453481287209_0.511528485635909', '/data/mapp/rainbow/20160123', '0', '2016-01-23 00:48:11', '1'), ('277', 'R2016012300492007396', 'VFS_RAINBOW_FILE_SERVER', '1_1453481360010_0.3858412653623958', '/data/mapp/rainbow/20160123', '0', '2016-01-23 00:49:22', '1'), ('278', 'R2016012300530447997', 'VFS_RAINBOW_FILE_SERVER', '1_1453481584432_0.8649098074462203', '/data/mapp/rainbow/20160123', '0', '2016-01-23 00:53:06', '1'), ('279', 'R2016012300541842598', 'VFS_RAINBOW_FILE_SERVER', '1_1453481658382_0.3031219144467555', '/data/mapp/rainbow/20160123', '0', '2016-01-23 00:54:20', '1'), ('280', 'R2016012300552650800', 'VFS_RAINBOW_FILE_SERVER', '1_1453481726467_0.8709144781423297', '/data/mapp/rainbow/20160123', '0', '2016-01-23 00:55:29', '1'), ('1453880420067', '1111', null, 'test', null, null, null, '1'), ('1453880420068', 'R2016020110003439195', 'VFS_RAINBOW_FILE_SERVER', '1_1454292034350_0.60304886710934', '/data/mapp/rainbow/20160201', '0', '2016-02-01 10:00:37', '1'), ('1453880420069', 'R2016020110043367596', 'VFS_RAINBOW_FILE_SERVER', '1_1454292273624_0.7847823213347165', '/data/mapp/rainbow/20160201', '0', '2016-02-01 10:04:34', '1'), ('1453880420070', 'R2016020110064117897', 'VFS_RAINBOW_FILE_SERVER', '1_1454292401134_0.15483628236362146', '/data/mapp/rainbow/20160201', '0', '2016-02-01 10:06:42', '1'), ('1453880420071', 'R2016020110085038198', 'VFS_RAINBOW_FILE_SERVER', '1_1454292530326_0.8619026062692045', '/data/mapp/rainbow/20160201', '0', '2016-02-01 10:08:51', '1'), ('1453880420072', 'R2016020110095881500', 'VFS_RAINBOW_FILE_SERVER', '1_1454292598778_0.39105454702637776', '/data/mapp/rainbow/20160201', '0', '2016-02-01 10:09:59', '1'), ('1453880420073', 'R2016020110102301301', 'VFS_RAINBOW_FILE_SERVER', '1_1454292622973_0.3824794133646141', '/data/mapp/rainbow/20160201', '0', '2016-02-01 10:10:24', '1'), ('1453880420074', 'R2016020110103097102', 'VFS_RAINBOW_FILE_SERVER', '1_1454292630933_0.38216916578882487', '/data/mapp/rainbow/20160201', '0', '2016-02-01 10:10:32', '1'), ('1453880420075', 'R2016020110104060503', 'VFS_RAINBOW_FILE_SERVER', '1_1454292640565_0.5245784219941019', '/data/mapp/rainbow/20160201', '0', '2016-02-01 10:10:41', '1'), ('1453880420076', 'R2016020110111934604', 'VFS_RAINBOW_FILE_SERVER', '1_1454292679308_0.2916386089518813', '/data/mapp/rainbow/20160201', '0', '2016-02-01 10:11:20', '1'), ('1453880420077', 'R2016020110112938405', 'VFS_RAINBOW_FILE_SERVER', '1_1454292689345_0.8611612710075216', '/data/mapp/rainbow/20160201', '0', '2016-02-01 10:11:30', '1'), ('1453880420078', 'R2016020110114738506', 'VFS_RAINBOW_FILE_SERVER', '1_1454292707347_0.334215083111285', '/data/mapp/rainbow/20160201', '0', '2016-02-01 10:11:48', '1'), ('1453880420079', 'R2016020215595370595', 'VFS_RAINBOW_FILE_SERVER', '1_1454399993652_0.9500084164463763', '/data/mapp/rainbow/20160202', '0', '2016-02-02 15:59:56', '1'), ('1453880420080', 'R2016020216060084095', 'VFS_RAINBOW_FILE_SERVER', '1_1454400360799_0.28021899567048836', '/data/mapp/rainbow/20160202', '0', '2016-02-02 16:06:03', '1'), ('1453880420081', 'R2016020216105800895', 'VFS_RAINBOW_FILE_SERVER', '1_1454400657961_0.7444905481435269', '/data/mapp/rainbow/20160202', '0', '2016-02-02 16:11:00', '1'), ('1453880420082', 'R2016022914335177495', 'VFS_RAINBOW_FILE_SERVER', '1_1456727631720_0.8435012354032557', '/data/mapp/rainbow/20160229', '0', '2016-02-29 14:33:54', '1'), ('1453880420083', 'R2016022914364949196', 'VFS_RAINBOW_FILE_SERVER', '1_1456727809437_0.8106392774028034', '/data/mapp/rainbow/20160229', '0', '2016-02-29 14:36:50', '1'), ('1453880420084', 'R2016022914562656497', 'VFS_RAINBOW_FILE_SERVER', '1_1456728986515_0.69098044738918', '/data/mapp/rainbow/20160229', '0', '2016-02-29 14:56:28', '1'), ('1453880420085', 'R2016022915123099695', 'VFS_RAINBOW_FILE_SERVER', '1_1456729950950_0.48445277259900865', '/data/mapp/rainbow/20160229', '0', '2016-02-29 15:12:34', '1'), ('1453880420086', 'R2016022915242705395', 'VFS_RAINBOW_FILE_SERVER', '1_1456730666997_0.962718014556472', '/data/mapp/rainbow/20160229', '0', '2016-02-29 15:24:30', '1'), ('1453880420087', 'R2016022915281145596', 'VFS_RAINBOW_FILE_SERVER', '1_1456730891415_0.7373279969376654', '/data/mapp/rainbow/20160229', '0', '2016-02-29 15:28:13', '1'), ('1453880420088', 'R2016022915304289397', 'VFS_RAINBOW_FILE_SERVER', '1_1456731042844_0.5863653105616385', '/data/mapp/rainbow/20160229', '0', '2016-02-29 15:30:44', '1'), ('1453880420089', 'R2016022915350737198', 'VFS_RAINBOW_FILE_SERVER', '1_1456731307322_0.6467716417774019', '/data/mapp/rainbow/20160229', '0', '2016-02-29 15:35:08', '1'), ('1453880420090', 'R2016022915352363400', 'VFS_RAINBOW_FILE_SERVER', '1_1456731323590_0.06363108625595393', '/data/mapp/rainbow/20160229', '0', '2016-02-29 15:35:25', '1'), ('1453880420091', 'R2016022915354352601', 'VFS_RAINBOW_FILE_SERVER', '1_1456731343479_0.11315099821771113', '/data/mapp/rainbow/20160229', '0', '2016-02-29 15:35:45', '1'), ('1453880420092', 'R2016022915523423795', 'VFS_RAINBOW_FILE_SERVER', '1_1456732354190_0.40050039268528814', '/data/mapp/rainbow/20160229', '0', '2016-02-29 15:52:37', '1'), ('1453880420093', 'U2016031418273847295', 'VFS_RAINBOW_FILE_SERVER', 'test.png', '/data/mapp/rainbow/20160314', '0', '2016-03-14 18:27:42', '1'), ('1453880420094', 'U2016031418273921396', 'VFS_RAINBOW_FILE_SERVER', 'test.png', '/data/mapp/rainbow/20160314', '0', '2016-03-14 18:27:43', '1'), ('1453880420095', 'U2016031418274025797', 'VFS_RAINBOW_FILE_SERVER', 'test.png', '/data/mapp/rainbow/20160314', '0', '2016-03-14 18:27:43', '1'), ('1453880420096', 'U2016031418294070398', 'VFS_RAINBOW_FILE_SERVER', 'test.png', '/data/mapp/rainbow/20160314', '0', '2016-03-14 18:29:42', '1'), ('1453880420097', 'U2016031515512203496', 'VFS_RAINBOW_FILE_SERVER', '111111.png', '/data/mapp/rainbow/20160315', '0', '2016-03-15 15:51:23', '1'), ('1453880420098', 'U2016031516032127095', 'VFS_RAINBOW_FILE_SERVER', '架构图片1', '/data/mapp/rainbow/20160315', '0', '2016-03-15 16:03:23', '1'), ('1453880420099', 'U2016031513411227801', 'VFS_RAINBOW_FILE_SERVER_DUBBO', '架构图片1', '/data/mapp/rainbow/20160315', '0', '2016-03-15 13:41:12', '1'), ('1453880420100', 'R2016031513515511904', 'VFS_RAINBOW_FILE_SERVER_DUBBO', 'Australia.png', '/data/mapp/rainbow/20160315', '0', '2016-03-15 13:51:55', '2'), ('1453880420101', 'R2016031513562762705', 'VFS_RAINBOW_FILE_SERVER_DUBBO', 'Chouchin Shinku (Lantern).gif', '/data/mapp/rainbow/20160315', '0', '2016-03-15 13:56:28', '2'), ('1453880420102', 'U2016031514022480606', 'VFS_RAINBOW_FILE_SERVER_DUBBO', '架构图片1', '/data/mapp/rainbow/20160315', '0', '2016-03-15 14:02:25', '1'), ('1453880420103', 'U2016031514044570907', 'VFS_RAINBOW_FILE_SERVER_DUBBO', '架构图片22', '/data/mapp/rainbow/20160315', '0', '2016-03-15 14:04:46', '1'), ('1453880420104', 'R2016031514044927708', 'VFS_RAINBOW_FILE_SERVER_DUBBO', 'Ishidourou (Snow Lantern).gif', '/data/mapp/rainbow/20160315', '0', '2016-03-15 14:04:49', '2'), ('1453880420105', 'U2016031514145772212', 'VFS_RAINBOW_FILE_SERVER_DUBBO', 'test222', '/data/mapp/rainbow/20160315', '0', '2016-03-15 14:14:58', '1'), ('1453880420106', 'R2016031514201094913', 'VFS_RAINBOW_FILE_SERVER_DUBBO', 'Koi.gif', '/data/mapp/rainbow/20160315', '0', '2016-03-15 14:20:11', '2'), ('1453880420107', 'R2016031514210796414', 'VFS_RAINBOW_FILE_SERVER_DUBBO', 'Shodou (Calligraphy).gif', '/data/mapp/rainbow/20160315', '0', '2016-03-15 14:21:08', '2'), ('1453880420108', 'U2016031516503936295', 'VFS_RAINBOW_FILE_SERVER', 'test222', '/data/mapp/rainbow/20160315', '0', '2016-03-15 16:50:41', '1'), ('1453880420109', 'U2016031516532095996', 'VFS_RAINBOW_FILE_SERVER', 'test222', '/data/mapp/rainbow/20160315', '0', '2016-03-15 16:53:22', '1'), ('1453880420110', 'U2016031516571570795', 'VFS_RAINBOW_FILE_SERVER', 'test222', '/data/mapp/rainbow/20160315', '0', '2016-03-15 16:58:53', '1'), ('1453880420111', 'R2016031514443694195', 'VFS_RAINBOW_FILE_SERVER_DUBBO', 'Shodou (Calligraphy).gif', '/data/mapp/rainbow/20160315', '0', '2016-03-15 14:44:37', '2'), ('1453880420112', 'U2016031514454290796', 'VFS_RAINBOW_FILE_SERVER_DUBBO', 'test3', '/data/mapp/rainbow/20160315', '0', '2016-03-15 14:45:43', '1'), ('1453880420113', 'R2016031514493340097', 'VFS_RAINBOW_FILE_SERVER_DUBBO', 'iChing Kouka (\'Tails\' Coin).gif', '/data/mapp/rainbow/20160315', '0', '2016-03-15 14:49:34', '2'), ('1453880420114', 'R2016031515001804498', 'VFS_RAINBOW_FILE_SERVER_DUBBO', 'Fuurin (Glass Wind Chime).gif', '/data/mapp/rainbow/20160315', '0', '2016-03-15 15:00:18', '2'), ('1453880420115', 'R2016031515021375100', 'VFS_RAINBOW_FILE_SERVER_DUBBO', 'Chouchin Kuroshiro (Lantern).gif', '/data/mapp/rainbow/20160315', '0', '2016-03-15 15:02:14', '2'), ('1453880420116', 'R2016031515055379101', 'VFS_RAINBOW_FILE_SERVER_DUBBO', 'Chouchin Shinku (Lantern).gif', '/data/mapp/rainbow/20160315', '0', '2016-03-15 15:05:54', '2');
COMMIT;

-- ----------------------------
--  Table structure for `t_account`
-- ----------------------------
DROP TABLE IF EXISTS `t_account`;
CREATE TABLE `t_account` (
  `ID` int(11) NOT NULL AUTO_INCREMENT COMMENT '账号编码',
  `TYPE` varchar(2) COLLATE utf8_bin DEFAULT NULL COMMENT '账号类型',
  `PHONE_NO` varchar(16) COLLATE utf8_bin DEFAULT NULL COMMENT '手机号码',
  `NAME` varchar(32) COLLATE utf8_bin DEFAULT NULL COMMENT '昵称',
  `PASSWORD` varchar(64) COLLATE utf8_bin DEFAULT NULL COMMENT '密码',
  `HEAD_PATH` varchar(128) COLLATE utf8_bin DEFAULT NULL COMMENT '头像地址',
  `STATUS` varchar(2) COLLATE utf8_bin DEFAULT NULL COMMENT '账号状态',
  `PARENT_ID` int(11) DEFAULT NULL COMMENT '推荐人账号编码',
  `IS_REWARD` varchar(1) COLLATE utf8_bin DEFAULT NULL COMMENT '是否分红',
  `REWARD_ID` varchar(64) COLLATE utf8_bin DEFAULT NULL COMMENT '分红利益链',
  `POINT` varchar(16) COLLATE utf8_bin DEFAULT NULL COMMENT '账户积分',
  `LEVEL_NAME` varchar(16) COLLATE utf8_bin DEFAULT NULL COMMENT '积分等级',
  `IS_DEL` varchar(1) COLLATE utf8_bin DEFAULT NULL COMMENT '是否删除',
  `CREATE_TIME` datetime DEFAULT NULL COMMENT '注册时间',
  PRIMARY KEY (`ID`),
  KEY `IDX_PHONE` (`PHONE_NO`)
) ENGINE=InnoDB AUTO_INCREMENT=6 DEFAULT CHARSET=utf8 COLLATE=utf8_bin COMMENT='账号信息';

-- ----------------------------
--  Records of `t_account`
-- ----------------------------
BEGIN;
INSERT INTO `t_account` VALUES ('5', '1', '15158133910', null, '4bf477c3b2b7550d42b25d027edbbca6', null, '1', null, '1', null, '0', null, '0', '2016-03-17 19:36:54');
COMMIT;

-- ----------------------------
--  Table structure for `t_address`
-- ----------------------------
DROP TABLE IF EXISTS `t_address`;
CREATE TABLE `t_address` (
  `ID` int(11) NOT NULL AUTO_INCREMENT COMMENT '地址编号',
  `ACCOUNT_ID` int(11) NOT NULL COMMENT '账号编码',
  `PROVINCE` int(11) NOT NULL COMMENT '省',
  `CITY` int(11) NOT NULL COMMENT '市',
  `COUNTY` int(11) NOT NULL COMMENT '区县',
  `STREET` int(11) NOT NULL COMMENT '乡镇/街道',
  `ADDRESS` varchar(256) COLLATE utf8_bin NOT NULL COMMENT '详细地址',
  `IS_DEL` varchar(1) COLLATE utf8_bin DEFAULT NULL COMMENT '是否删除',
  `CREATE_DATE` datetime DEFAULT NULL COMMENT '创建时间',
  PRIMARY KEY (`ID`)
) ENGINE=InnoDB DEFAULT CHARSET=utf8 COLLATE=utf8_bin COMMENT='地址信息';

-- ----------------------------
--  Table structure for `t_department`
-- ----------------------------
DROP TABLE IF EXISTS `t_department`;
CREATE TABLE `t_department` (
  `ID` int(11) NOT NULL AUTO_INCREMENT COMMENT '科室编号',
  `NAME` varchar(64) COLLATE utf8_bin NOT NULL COMMENT '科室名称',
  `SIMPLE_PINYIN` varchar(128) COLLATE utf8_bin NOT NULL COMMENT '名称简拼',
  `TYPE` varchar(2) COLLATE utf8_bin DEFAULT NULL COMMENT '科室分类',
  `IS_DEL` varchar(1) COLLATE utf8_bin DEFAULT NULL COMMENT '是否删除',
  `CREATE_TIME` datetime DEFAULT NULL COMMENT '创建时间',
  PRIMARY KEY (`ID`),
  UNIQUE KEY `IDX_NAME` (`NAME`,`TYPE`)
) ENGINE=InnoDB AUTO_INCREMENT=6 DEFAULT CHARSET=utf8 COLLATE=utf8_bin COMMENT='科室信息';

-- ----------------------------
--  Records of `t_department`
-- ----------------------------
BEGIN;
INSERT INTO `t_department` VALUES ('1', '123', '123', '11', '1', '2016-03-13 15:01:08'), ('2', 'fffffff', 'FFFFFFF', null, '0', '2016-03-13 16:22:32'), ('3', 'hy', 'HY', null, '0', '2016-03-13 16:35:37'), ('4', 'aaaaa', 'AAAAA', '1', '0', '2016-03-13 16:41:54'), ('5', '咿呀呀一', 'YYYY', '1', '0', '2016-03-13 16:42:29');
COMMIT;

-- ----------------------------
--  Table structure for `t_device`
-- ----------------------------
DROP TABLE IF EXISTS `t_device`;
CREATE TABLE `t_device` (
  `ID` int(11) NOT NULL AUTO_INCREMENT COMMENT '器械编号',
  `NAME` varchar(64) COLLATE utf8_bin NOT NULL COMMENT '器械名称',
  `SIMPLE_PINYIN` varchar(128) COLLATE utf8_bin NOT NULL COMMENT '名称简拼',
  `TYPE` varchar(2) COLLATE utf8_bin DEFAULT NULL COMMENT '器械分类',
  `NUMBER` varchar(16) COLLATE utf8_bin DEFAULT NULL COMMENT '数量',
  `PRICE` varchar(16) COLLATE utf8_bin DEFAULT NULL COMMENT '价格',
  `PURPOSE` varchar(128) COLLATE utf8_bin DEFAULT NULL COMMENT '用途',
  `IS_DEL` varchar(1) COLLATE utf8_bin DEFAULT NULL COMMENT '是否删除',
  `CREATE_TIME` datetime DEFAULT NULL COMMENT '创建时间',
  PRIMARY KEY (`ID`),
  UNIQUE KEY `IDX_NAME_TYPE` (`NAME`,`TYPE`)
) ENGINE=InnoDB AUTO_INCREMENT=6 DEFAULT CHARSET=utf8 COLLATE=utf8_bin COMMENT='医疗器械';

-- ----------------------------
--  Records of `t_device`
-- ----------------------------
BEGIN;
INSERT INTO `t_device` VALUES ('1', '器械1', 'QX1', '3', '100', '3,100', '123123123', '1', '2016-03-13 14:10:11'), ('2', '器械2', 'QX2', '1', '100', '1001.1111', '123123', '0', '2016-03-13 14:11:29'), ('3', '11', '11', '2', '123', '123', '123', '0', '2016-03-16 16:01:19'), ('4', 'fush', 'FUSH', '1', '12', '34', '123', '0', '2016-03-16 16:55:39'), ('5', '12', '12', '1', '11', '111', '111', '0', '2016-03-17 11:05:47');
COMMIT;

-- ----------------------------
--  Table structure for `t_hospital`
-- ----------------------------
DROP TABLE IF EXISTS `t_hospital`;
CREATE TABLE `t_hospital` (
  `ID` int(11) NOT NULL AUTO_INCREMENT COMMENT '医院编号',
  `NAME` varchar(64) COLLATE utf8_bin NOT NULL COMMENT '医院名称',
  `SIMPLE_PINYIN` varchar(128) COLLATE utf8_bin NOT NULL COMMENT '名称简拼',
  `AREA_IDS` varchar(64) COLLATE utf8_bin DEFAULT NULL COMMENT '行政区域',
  `ADDRESS` varchar(128) COLLATE utf8_bin DEFAULT NULL COMMENT '详细地址',
  `TYPE` varchar(2) COLLATE utf8_bin DEFAULT NULL COMMENT '分类',
  `LEVEL` varchar(2) COLLATE utf8_bin DEFAULT NULL COMMENT '级别',
  `IS_DEL` varchar(1) COLLATE utf8_bin DEFAULT NULL COMMENT '是否删除',
  `CREATE_TIME` datetime DEFAULT NULL COMMENT '创建时间',
  PRIMARY KEY (`ID`),
  UNIQUE KEY `IDX_NAME` (`NAME`)
) ENGINE=InnoDB AUTO_INCREMENT=4 DEFAULT CHARSET=utf8 COLLATE=utf8_bin COMMENT='医院信息';

-- ----------------------------
--  Records of `t_hospital`
-- ----------------------------
BEGIN;
INSERT INTO `t_hospital` VALUES ('2', '西溪医院', 'XXYY,XQYY', '57,571,57102,5710101', '翰墨香林39幢601室', '1', '1', '1', '2016-03-06 13:06:41'), ('3', '测试医院1', 'CSYY1', '57,571,57101,5710101', '12312312321', '1', '1', '0', '2016-03-06 13:15:38');
COMMIT;

-- ----------------------------
--  Table structure for `t_identify_code`
-- ----------------------------
DROP TABLE IF EXISTS `t_identify_code`;
CREATE TABLE `t_identify_code` (
  `ID` int(11) NOT NULL AUTO_INCREMENT COMMENT '编号',
  `TYPE` varchar(2) COLLATE utf8_bin DEFAULT NULL COMMENT '验证码类型\n            注册\n            忘记密码',
  `ACCOUNT_ID` int(11) DEFAULT NULL COMMENT '账户编码',
  `IP_CODE` varchar(32) COLLATE utf8_bin DEFAULT NULL COMMENT 'IP地址',
  `PHONE_NO` varchar(16) COLLATE utf8_bin NOT NULL COMMENT '手机号码',
  `CODE` varchar(8) COLLATE utf8_bin DEFAULT NULL COMMENT '验证码',
  `TIME` int(2) DEFAULT NULL COMMENT '连续请求次数',
  `CREATE_TIME` datetime DEFAULT NULL COMMENT '创建时间',
  `INVALID_TIME` datetime DEFAULT NULL COMMENT '失效时间',
  `IS_USED` varchar(2) COLLATE utf8_bin DEFAULT NULL COMMENT '是否使用',
  `USED_TIME` datetime DEFAULT NULL COMMENT '使用时间',
  PRIMARY KEY (`ID`),
  KEY `IDX_PHONE_TYPE` (`TYPE`,`PHONE_NO`)
) ENGINE=InnoDB AUTO_INCREMENT=6 DEFAULT CHARSET=utf8 COLLATE=utf8_bin COMMENT='手机验证码';

-- ----------------------------
--  Records of `t_identify_code`
-- ----------------------------
BEGIN;
INSERT INTO `t_identify_code` VALUES ('5', '1', null, '0:0:0:0:0:0:0:1', '15158133910', '972446', '1', '2016-03-17 19:36:45', '2016-03-17 19:51:45', '1', '2016-03-17 19:36:54');
COMMIT;

-- ----------------------------
--  Table structure for `t_member_level`
-- ----------------------------
DROP TABLE IF EXISTS `t_member_level`;
CREATE TABLE `t_member_level` (
  `ID` int(11) NOT NULL AUTO_INCREMENT COMMENT '等级编号',
  `NAME` varchar(64) COLLATE utf8_bin NOT NULL COMMENT '等级名称',
  `POINT` varchar(16) COLLATE utf8_bin DEFAULT NULL COMMENT '积分门槛',
  `DESCRPTION` varchar(256) COLLATE utf8_bin DEFAULT NULL COMMENT '特权描述',
  `IS_DEL` varchar(1) COLLATE utf8_bin DEFAULT NULL COMMENT '是否删除',
  `CREATE_TIME` datetime DEFAULT NULL COMMENT '创建时间',
  PRIMARY KEY (`ID`)
) ENGINE=MyISAM AUTO_INCREMENT=4 DEFAULT CHARSET=utf8 COLLATE=utf8_bin COMMENT='积分等级';

-- ----------------------------
--  Records of `t_member_level`
-- ----------------------------
BEGIN;
INSERT INTO `t_member_level` VALUES ('3', '等级1', '1000', '123123123123dfdfdfdf', '0', '2016-03-18 15:36:55');
COMMIT;

-- ----------------------------
--  Table structure for `t_nurse`
-- ----------------------------
DROP TABLE IF EXISTS `t_nurse`;
CREATE TABLE `t_nurse` (
  `ID` int(11) NOT NULL AUTO_INCREMENT COMMENT '护士编码',
  `ACCOUNT_ID` int(11) NOT NULL COMMENT '账号编码',
  `NAME` varchar(64) COLLATE utf8_bin DEFAULT NULL COMMENT '姓名',
  `SEX` varchar(1) COLLATE utf8_bin DEFAULT NULL COMMENT '性别',
  `AGE` varchar(16) COLLATE utf8_bin DEFAULT NULL COMMENT '年龄',
  `SIMPLE_PINYIN` varchar(128) COLLATE utf8_bin DEFAULT NULL COMMENT '姓名简拼',
  `ID_CODE` varchar(32) COLLATE utf8_bin DEFAULT NULL COMMENT '身份证号码',
  `ID_PATH` varchar(64) COLLATE utf8_bin DEFAULT NULL COMMENT '身份证照片',
  `RELATION` varchar(64) COLLATE utf8_bin DEFAULT NULL COMMENT '正面头像',
  `WORK_YEARS` varchar(16) COLLATE utf8_bin DEFAULT NULL COMMENT '工作年限',
  `WORK_HOSPITAL` int(11) DEFAULT NULL COMMENT '工作单位',
  `WORK_DEPARTMENT` int(11) DEFAULT NULL COMMENT '工作科室',
  `GOOD_RANGE` varchar(64) COLLATE utf8_bin DEFAULT NULL COMMENT '擅长范围',
  `SERVICE_RANGE` varchar(64) COLLATE utf8_bin DEFAULT NULL COMMENT '服务范围',
  `LICENSE` varchar(64) COLLATE utf8_bin DEFAULT NULL COMMENT '从业资格证',
  `IS_DEL` varchar(1) COLLATE utf8_bin DEFAULT NULL COMMENT '是否删除',
  `CREATE_DATE` datetime DEFAULT NULL COMMENT '创建时间',
  PRIMARY KEY (`ID`)
) ENGINE=InnoDB DEFAULT CHARSET=utf8 COLLATE=utf8_bin COMMENT='护士护工信息';

-- ----------------------------
--  Table structure for `t_nursing_subtype`
-- ----------------------------
DROP TABLE IF EXISTS `t_nursing_subtype`;
CREATE TABLE `t_nursing_subtype` (
  `ID` int(11) NOT NULL AUTO_INCREMENT COMMENT '小类编号',
  `PARENT_ID` int(11) NOT NULL COMMENT '大类编号',
  `NAME` varchar(64) COLLATE utf8_bin NOT NULL COMMENT '小类名称',
  `SIMPLE_PINYIN` varchar(128) COLLATE utf8_bin DEFAULT NULL COMMENT '名称简拼',
  `PRICE` varchar(16) COLLATE utf8_bin DEFAULT NULL COMMENT '价格',
  `CONTENT` varchar(256) COLLATE utf8_bin DEFAULT NULL COMMENT '内容',
  `IS_DEL` varchar(1) COLLATE utf8_bin DEFAULT NULL COMMENT '是否删除',
  `CREATE_TIME` datetime DEFAULT NULL COMMENT '创建时间',
  PRIMARY KEY (`ID`)
) ENGINE=InnoDB AUTO_INCREMENT=2 DEFAULT CHARSET=utf8 COLLATE=utf8_bin COMMENT='护理小类';

-- ----------------------------
--  Records of `t_nursing_subtype`
-- ----------------------------
BEGIN;
INSERT INTO `t_nursing_subtype` VALUES ('1', '2', '打针', 'DZ', '100.1', '打针打针1', '0', '2016-03-13 13:15:48');
COMMIT;

-- ----------------------------
--  Table structure for `t_nursing_type`
-- ----------------------------
DROP TABLE IF EXISTS `t_nursing_type`;
CREATE TABLE `t_nursing_type` (
  `ID` int(11) NOT NULL AUTO_INCREMENT COMMENT '大类编号',
  `NAME` varchar(64) COLLATE utf8_bin NOT NULL COMMENT '大类名称',
  `SIMPLE_PINYIN` varchar(128) COLLATE utf8_bin DEFAULT NULL COMMENT '名称简拼',
  `DESCRIPTION` varchar(256) COLLATE utf8_bin DEFAULT NULL COMMENT '简述',
  `IS_DEL` varchar(1) COLLATE utf8_bin DEFAULT NULL COMMENT '是否删除',
  `CREATE_TIME` datetime DEFAULT NULL COMMENT '创建时间',
  PRIMARY KEY (`ID`)
) ENGINE=InnoDB AUTO_INCREMENT=3 DEFAULT CHARSET=utf8 COLLATE=utf8_bin COMMENT='护理大类';

-- ----------------------------
--  Records of `t_nursing_type`
-- ----------------------------
BEGIN;
INSERT INTO `t_nursing_type` VALUES ('1', '护理类型2', 'HLLX2', '护理类型1', '1', '2016-03-10 21:50:30'), ('2', '类型', 'LX', '类型类型类型类型', '0', '2016-03-10 22:13:33');
COMMIT;

-- ----------------------------
--  Table structure for `t_patient`
-- ----------------------------
DROP TABLE IF EXISTS `t_patient`;
CREATE TABLE `t_patient` (
  `ID` int(11) NOT NULL AUTO_INCREMENT COMMENT '患者编码',
  `ACCOUNT_ID` int(11) NOT NULL COMMENT '账号编码',
  `NAME` varchar(64) COLLATE utf8_bin NOT NULL COMMENT '患者姓名',
  `SIMPLE_PINYIN` varchar(128) COLLATE utf8_bin DEFAULT NULL COMMENT '姓名简拼',
  `SEX` varchar(1) COLLATE utf8_bin DEFAULT NULL COMMENT '性别',
  `AGE` varchar(16) COLLATE utf8_bin DEFAULT NULL COMMENT '年龄',
  `ID_CODE` varchar(32) COLLATE utf8_bin DEFAULT NULL COMMENT '身份证号码',
  `ID_PATH` varchar(64) COLLATE utf8_bin DEFAULT NULL COMMENT '身份证照片',
  `RELATION` varchar(2) COLLATE utf8_bin DEFAULT NULL COMMENT '与患者关系',
  `STATUS` varchar(2) COLLATE utf8_bin DEFAULT NULL COMMENT '状态\n            账号添加除自己意外的患者时，需要审核',
  `IS_DEL` varchar(1) COLLATE utf8_bin DEFAULT NULL COMMENT '是否删除',
  `CREATE_DATE` datetime DEFAULT NULL COMMENT '创建时间',
  PRIMARY KEY (`ID`)
) ENGINE=InnoDB DEFAULT CHARSET=utf8 COLLATE=utf8_bin COMMENT='患者信息';

-- ----------------------------
--  Table structure for `t_sys_param`
-- ----------------------------
DROP TABLE IF EXISTS `t_sys_param`;
CREATE TABLE `t_sys_param` (
  `ID` int(11) NOT NULL AUTO_INCREMENT COMMENT '科室编号',
  `P_KEY` varchar(32) COLLATE utf8_bin DEFAULT NULL COMMENT '科室名称',
  `P_VALUE` varchar(32) COLLATE utf8_bin DEFAULT NULL COMMENT '名称简拼',
  `P_DESC` varchar(32) COLLATE utf8_bin DEFAULT NULL COMMENT '科室分类',
  `P_ID` int(11) DEFAULT NULL COMMENT '是否删除',
  PRIMARY KEY (`ID`),
  UNIQUE KEY `IDX_NAME` (`P_KEY`,`P_DESC`)
) ENGINE=InnoDB AUTO_INCREMENT=34 DEFAULT CHARSET=utf8 COLLATE=utf8_bin COMMENT='系统参数';

-- ----------------------------
--  Records of `t_sys_param`
-- ----------------------------
BEGIN;
INSERT INTO `t_sys_param` VALUES ('14', 'KSFL', '分类', '科室分类', null), ('16', null, '分类二', '分类二', '14'), ('17', null, '分类三', '分类三', '14'), ('18', 'DEVICE_TYPE', '0', '医疗器械名称', null), ('19', null, '1', '类型1', '18'), ('20', null, '2', '类型2', '18'), ('21', null, '3', '类型3', '18'), ('22', 'TEST', '!', 'SS', null), ('23', 'ACCOUNT_STATUS', '', '用户状态', null), ('24', null, '1', '未认证', '23'), ('25', null, '3', '已认证', '23'), ('26', null, '0', '失效', '23'), ('27', 'IS_REWARD', '', '是否分红', null), ('28', null, '1', '是', '27'), ('29', null, '0', '否', '27'), ('30', 'SEX', '', '性别', null), ('31', null, '1', '男', '30'), ('32', null, '2', '女', '30'), ('33', null, '2', '待审核', '23');
COMMIT;

-- ----------------------------
--  Table structure for `t_zone`
-- ----------------------------
DROP TABLE IF EXISTS `t_zone`;
CREATE TABLE `t_zone` (
  `ID` int(11) NOT NULL AUTO_INCREMENT COMMENT '区域编号',
  `PARENT_ID` varchar(64) COLLATE utf8_bin NOT NULL COMMENT '上级编号',
  `CODE` varchar(16) COLLATE utf8_bin NOT NULL COMMENT '区域编码',
  `NAME` varchar(128) COLLATE utf8_bin NOT NULL COMMENT '区域名称',
  `SIMPLE_PINYIN` varchar(64) COLLATE utf8_bin DEFAULT NULL COMMENT '简拼',
  `LEVEL` varchar(4) COLLATE utf8_bin DEFAULT NULL,
  `IS_DEL` varchar(1) COLLATE utf8_bin DEFAULT NULL COMMENT '是否删除',
  `CREATE_TIME` datetime DEFAULT NULL COMMENT '创建时间',
  PRIMARY KEY (`ID`)
) ENGINE=InnoDB AUTO_INCREMENT=23 DEFAULT CHARSET=utf8 COLLATE=utf8_bin COMMENT='行政区域';

-- ----------------------------
--  Records of `t_zone`
-- ----------------------------
BEGIN;
INSERT INTO `t_zone` VALUES ('1', '0', '86', '中国', 'ZG', '1', '0', '2016-03-14 17:13:53'), ('2', '1', '57', '浙江省', 'ZJS,ZJX', '2', '0', '2016-03-14 17:23:41'), ('3', '2', '0571', '杭州市', 'HZS', '3', '0', '2016-03-14 17:24:31'), ('4', '2', '0572', '湖州市', 'HZS', '3', '0', '2016-03-14 17:25:22'), ('5', '2', '0573', '嘉兴市', 'JXS', '3', '0', '2016-03-14 17:25:43'), ('6', '2', '0574', '宁波市', 'NBS', '3', '0', '2016-03-14 17:26:11'), ('7', '2', '0578', '温州市', 'WZS', '3', '0', '2016-03-14 22:16:59'), ('8', '2', '0575', '金华市', 'JHS', '3', '0', '2016-03-14 22:21:57'), ('9', '3', '057101', '西湖区', 'XHO,XHQ', '4', '0', '2016-03-14 22:26:52'), ('10', '3', '057102', '上城区', 'SCQ,SCO', '4', '0', '2016-03-14 22:29:47'), ('11', '3', '057103', '下城区', 'XCQ,XCO', '4', '0', '2016-03-14 22:30:16'), ('12', '3', '057104', '余杭区', 'THO,THQ,YHQ,YHO', '4', '0', '2016-03-14 22:35:58'), ('13', '3', '123123', '1231', '1231', '4', '1', '2016-03-14 22:39:58'), ('14', '3', '123213', '123123', '123123', '4', '1', '2016-03-14 22:40:53'), ('15', '3', '3', '3', '3', '4', '1', '2016-03-14 22:41:23'), ('22', '3', '3', '3', '3', '4', '1', '2016-03-14 22:45:31');
COMMIT;

SET FOREIGN_KEY_CHECKS = 1;
