/*
 Navicat Premium Data Transfer

 Source Server         : 121.43.116.27-aliyun
 Source Server Type    : MySQL
 Source Server Version : 50173
 Source Host           : 121.43.116.27
 Source Database       : medicine

 Target Server Type    : MySQL
 Target Server Version : 50173
 File Encoding         : utf-8

 Date: 03/26/2016 00:32:26 AM
*/

SET NAMES utf8;
SET FOREIGN_KEY_CHECKS = 0;

-- ----------------------------
--  Table structure for `case_history`
-- ----------------------------
DROP TABLE IF EXISTS `case_history`;
CREATE TABLE `case_history` (
  `id` varchar(21) NOT NULL,
  `did` int(11) DEFAULT NULL,
  `pid` varchar(20) DEFAULT NULL,
  `date` varchar(15) DEFAULT NULL,
  `symptom` varchar(100) DEFAULT NULL,
  `prescription` varchar(100) DEFAULT NULL,
  `isupload` int(11) DEFAULT '0',
  `extra` varchar(50) DEFAULT NULL,
  `enabled` int(11) DEFAULT '1',
  PRIMARY KEY (`id`),
  KEY `CP_FK` (`pid`),
  CONSTRAINT `CP_FK` FOREIGN KEY (`pid`) REFERENCES `patient` (`id`) ON DELETE CASCADE ON UPDATE CASCADE
) ENGINE=InnoDB DEFAULT CHARSET=utf8;

-- ----------------------------
--  Records of `case_history`
-- ----------------------------
BEGIN;
INSERT INTO `case_history` VALUES ('27_20140706125016', '27', '27_20140706125000', '2014-07-06', 'symptom1', '结膜炎的治疗，若是急性病毒性结膜炎，可点用类固醇(可地松)眼药水，以减轻病情。细菌性结膜炎，则须投与抗生素药水、药膏，甚至口服或注射抗生素。', '2', '陈有信 _15167136226', '1'), ('29_20140706153303', '29', '29_20140706153122', '2014-07-06', 'symptom1', '药物治疗：沙眼衣原体对四环素族、大环内酯类及氟喹诺类抗菌药物敏感。', '2', '杨培增_13311002200', '1'), ('29_20140706154638', '29', '29_20140706154535', '2014-07-06', '有怕光、流泪、疼痛，重者有眼睑痉挛等刺激症状。当角膜上皮剥脱时可导致剧烈眼疼。', '手术治疗：治疗取决于病因学。治疗动静脉瘤应结扎受累的颈总动脉。甲状腺功能亢进引起的眼球突出可能在甲状腺功能亢进控制后消退，偶有顽固病例需施行眼眶减压手术。当眼球突出时必须保护暴露的角膜。', '2', '杨培增_13311002200', '1'), ('29_20140706201237', '29', '29_20140706201104', '2014-07-06', '有怕光、流泪、疼痛，重者有眼睑痉挛等刺激症状。当角膜上皮剥脱时可导致剧烈眼疼。', 'prescription1prescription1prescription1prescription1', '2', '杨培增_13311002200', '1'), ('29_20140713222027', '29', '29_20140713221634', '2014-07-13', 'ggghhhhhbnbbvffghbvvvbjnhggggvg', 'hhhhhjjjjjjkkkkkkkmnnbvvccvhhjjjj', '2', '杨培增_13311002200', '1'), ('29_20140720181528', '29', '29_20140706153122', '2014-07-20', '林俊杰', '林俊杰', '2', '杨培增_13311002200', '1'), ('29_20140720201958', '29', '29_20140706153122', '2014-07-20', 'lsdsd闪电似的速度速度速度都是 闪电似的   闪电似的速度速度速度都是 闪电似的', '结膜炎的治疗，若是急性病毒性结膜炎，可点用类固醇(可地松)眼药水，以减轻病情。细菌性结膜炎，则须投与抗生素药水、药膏，甚至口服或注射抗生素。', '2', '杨培增_13311002200', '1'), ('29_20140720202231', '29', '29_20140706153122', '2014-07-20', 'symptom3', 'prescription3', '2', '杨培增_13311002200', '1'), ('29_20140720203339', '29', '29_20140706153122', '2014-07-20', '闪电似', 'prescrip', '2', '杨培增_13311002200', '1'), ('29_20140720203453', '29', '29_20140706153122', '2014-07-20', 'symptom1', '结膜炎的治疗，若是急性病毒性结膜炎，可点用类固醇(可地松)眼药水，以减轻病情。细菌性结膜炎，则须投与抗生素药水、药膏，甚至口服或注射抗生素。', '2', '杨培增_13311002200', '1'), ('29_20140722223537', '29', '29_20140713221634', '2014-07-22', 'symptom1rrr', 'tttt', '2', '杨培增_13311002200', '1'), ('29_20140722224046', '29', '29_20140713221634', '2014-07-22', 'symptom1', 'prescription2', '2', '杨培增_13311002200', '1'), ('29_20140722230216', '29', '29_20140713221634', '2014-07-22', 'symptom1', '结膜炎的治疗，若是急性病毒性结膜炎，可点用类固醇(可地松)眼药水，以减轻病情。细菌性结膜炎，则须投与抗生素药水、药膏，甚至口服或注射抗生素。', '2', '杨培增_13311002200', '1'), ('30_20140709093426', '30', '30_20140709093337', '2014-07-09', 'symptom2', 'prescription2', '2', '罗岩_无', '1'), ('30_20140713224308', '30', '30_20140713223346', '2014-07-13', '闪电似的速度速度速度都是 闪电似的   闪电似的速度速度速度都是 闪电似的   闪电似的速度速度速度都是 闪电似的   闪电似的速度速度速度都是 闪电似的   闪电似的速度速度速度都是 闪电似的', '药物治疗无效，激光光凝是目前治疗脉络膜新生血管的有效方法。在活动期，病灶位于黄斑中心1/4PD以外者，可行激光治疗。', '2', '罗岩_无', '1'), ('31_20140706151354', '31', '31_20140706151323', '2014-07-06', 'symptom2', '结膜炎的治疗，若是急性病毒性结膜炎，可点用类固醇(可地松)眼药水，以减轻病情。细菌性结膜炎，则须投与抗生素药水、药膏，甚至口服或注射抗生素。', '2', '李莹_无', '1'), ('33_20140706160147', '33', '33_20140706155735', '2014-07-06', 'symptom2', 'prescription2', '2', '李德胜_13306509165', '1'), ('33_20140706160825', '33', '33_20140706155735', '2014-07-06', '闪电似的速度速度速度都是 闪电似的', '结膜炎的治疗，若是急性病毒性结膜炎，可点用类固醇(可地松)眼药水，以减轻病情。细菌性结膜炎，则须投与抗生素药水、药膏，甚至口服或注射抗生素。', '2', '李德胜_13306509165', '1'), ('33_20140706164059', '33', '33_20140706164004', '2014-07-06', 'symptom3', 'prescription3', '2', '李德胜_13306509165', '1'), ('33_20140706165058', '33', '33_20140706165032', '2014-07-06', '闪电似的速度速度速度都是 闪电似的   闪电似的速度速度速度都是 闪电似的   闪电似的速度速度速度都是 闪电似的   闪电似的速度速度速度都是 闪电似的   闪电似的速度速度速度都是 闪电似的', '手术治疗：治疗取决于病因学。治疗动静脉瘤应结扎受累的颈总动脉。甲状腺功能亢进引起的眼球突出可能在甲状腺功能亢进控制后消退，偶有顽固病例需施行眼眶减压手术。当眼球突出时必须保护暴露的角膜。', '0', '李德胜_13306509165', '1'), ('33_20140706173242', '33', '33_20140706172832', '2014-07-06', 'lsdsd闪电似的速度速度速度都是 闪电似的   闪电似的速度速度速度都是 闪电似的', '结膜炎的治疗，若是急性病毒性结膜炎，可点用类固醇(可地松)眼药水，以减轻病情。细菌性结膜炎，则须投与抗生素药水、药膏，甚至口服或注射抗生素。', '0', '李德胜_13306509165', '1'), ('33_20140706183505', '33', '33_20140706183443', '2014-07-06', 'lsdsd闪电似的速度速度速度都是 闪电似的   闪电似的速度速度速度都是 闪电似的', '结膜炎的治疗，若是急性病毒性结膜炎，可点用类固醇(可地松)眼药水，以减轻病情。细菌性结膜炎，则须投与抗生素药水、药膏，甚至口服或注射抗生素。', '0', '李德胜_13306509165', '1'), ('33_20140706190456', '33', '33_20140706190409', '2014-07-06', 'symptom1', 'prescription1prescription1prescription1prescription1', '2', '李德胜_13306509165', '1'), ('33_20140706202119', '33', '33_20140706190409', '2014-07-06', '5.低、中度者眼底一般无变化或呈豹纹状眼底，近视孤形斑，高度近视者视神经乳头颞侧或周围　环状脉络膜萎缩，黄斑变性、出血、富克斯（Ｆｕｃｈｓ）斑，后巩膜葡萄肿，并易发生视网膜裂　孔和视网膜脱离；', '在发病早期和高峰期作分泌物涂片或结膜刮片检查，确定致病菌，并作药敏试验，选择有效药物治疗。分泌物多的患者，可用3%硼酸溶液或生理盐水冲洗结膜囊，若分泌物不多，可用消毒棉签蘸上述溶液清洁眼部。', '2', '李德胜_13306509165', '1'), ('33_20140706204527', '33', '33_20140706204349', '2014-07-06', 'symptom1', 'prescription3', '2', '李德胜_13306509165', '1'), ('33_20140710221336', '33', '33_20140706165032', '2014-07-10', 'lsdsd闪电似的速度速度速度都是 闪电似的   闪电似的速度速度速度都是 闪电似的', '药物治疗无效，激光光凝是目前治疗脉络膜新生血管的有效方法。在活动期，病灶位于黄斑中心1/4PD以外者，可行激光治疗。', '2', '李德邦_13306509166', '1');
COMMIT;

-- ----------------------------
--  Table structure for `comment`
-- ----------------------------
DROP TABLE IF EXISTS `comment`;
CREATE TABLE `comment` (
  `id` varchar(31) NOT NULL DEFAULT '',
  `cid` varchar(21) DEFAULT NULL,
  `sid` int(11) DEFAULT NULL,
  `content` varchar(100) DEFAULT NULL,
  `isupload` int(11) NOT NULL DEFAULT '0',
  `isdownload` int(11) NOT NULL DEFAULT '0',
  `enabled` int(11) DEFAULT '1',
  `extra` varchar(20) DEFAULT NULL,
  PRIMARY KEY (`id`),
  KEY `CC_FK` (`cid`),
  KEY `CS_FK` (`sid`),
  CONSTRAINT `CC_FK` FOREIGN KEY (`cid`) REFERENCES `case_history` (`id`) ON DELETE CASCADE ON UPDATE CASCADE,
  CONSTRAINT `CS_FK` FOREIGN KEY (`sid`) REFERENCES `specialist` (`id`) ON DELETE CASCADE ON UPDATE CASCADE
) ENGINE=InnoDB DEFAULT CHARSET=utf8;

-- ----------------------------
--  Records of `comment`
-- ----------------------------
BEGIN;
INSERT INTO `comment` VALUES ('27_2014070920345900', '27_20140706125016', '7', 'luohaoxin', '1', '3', '1', '魏世辉'), ('29_2014070615331100', '29_20140706153303', '9', '预防：沙眼衣原体常附在病人眼的分泌物中，任何与此分泌物接触的情况，均可造成沙眼传播感染的机会。因此，应加强宣传教育，把防治眼病的知识传给群众，贯彻预防为主的方针。培养良好卫生习惯。不用手揉眼，毛巾', '1', '3', '1', '张顺华'), ('29_2014070615465200', '29_20140706154638', '9', '习惯常用温水和肥皂洗手;\n　　不与他人共用眼水或眼膏;\n　　眼睛红肿时，不宜配戴角膜接触镜，不宜眼部化妆，一旦发现眼部感染', '1', '3', '1', '，向医生求助。使用纸巾或一次性毛巾。'), ('29_2014070620300500', '29_20140706201237', '9', 'fgfgfgfgfgfg', '1', '3', '1', '张顺华'), ('29_2014071322202800', '29_20140713222027', '9', '习惯常用温水和肥皂洗手;\n　　不与他人共用眼水或眼膏;\n　　眼睛红肿时，不宜配戴角膜接触镜，不宜眼部化妆，一旦发现眼部感染', '1', '3', '1', '张顺华'), ('29_2014072018152900', '29_20140720181528', '9', 'hgfd', '1', '3', '1', '张顺华'), ('29_2014072020195700', '29_20140720201958', '9', 'hhgfd', '1', '3', '1', '张顺华'), ('29_2014072020223200', '29_20140720202231', '9', '3545', '1', '3', '1', '张顺华'), ('29_2014072020334000', '29_20140720203339', '9', 'hhhg', '1', '3', '1', '张顺华'), ('29_2014072020345700', '29_20140720203453', '9', 'pppp', '1', '3', '1', '张顺华'), ('29_2014072222353400', '29_20140722223537', '9', 'ggvg', '1', '3', '1', '张顺华'), ('29_2014072222404100', '29_20140722224046', '9', 'hhhhhh', '1', '3', '1', '张顺华'), ('29_2014072223024400', '29_20140722230216', '9', 'ghhhhg', '1', '3', '1', '张顺华'), ('30_2014070909345700', '30_20140709093426', '10', '医学上称红眼病为急性卡他性结膜炎，其传播途径主要是通过接触传染。往往通过接触病人眼分泌物或泪水沾过的物件(如毛巾、手帕、脸盆、水等)，与红眼病人握手或用脏手揉擦眼睛等，都会被传染，最终造成红眼病的流行', '1', '3', '1', '朱煌'), ('30_2014070909345710', '30_20140709093426', '11', '', '0', '0', '1', null), ('30_2014071322462100', '30_20140713224308', '10', '', '0', '0', '1', null), ('30_2014071322462110', '30_20140713224308', '11', '', '0', '0', '1', null), ('31_2014070615162200', '31_20140706151354', '7', '预防：沙眼衣原体常附在病人眼的分泌物中，任何与此分泌物接触的情况，均可造成沙眼传播感染的机会。因此，应加强宣传教育，把防治眼病的知识传给群众，贯彻预防为主的方针。培养良好卫生习惯。不用手揉眼，毛巾', '1', '2', '1', '魏世辉'), ('31_2014070615162210', '31_20140706151354', '8', '', '0', '0', '1', null), ('31_2014070615162220', '31_20140706151354', '9', '由于视网膜病变多为糖尿病的并发症，因此主要应控制糖尿病和血压，糖尿病的控制和并发症检查证实强度胰岛素疗法可延缓IDDM病人糖尿病性视网膜病变，肾病和神经病变的发作和减慢其进展，', '1', '3', '1', '张顺华'), ('31_2014070615162230', '31_20140706151354', '10', '习惯常用温水和肥皂洗手;\n　　不与他人共用眼水或眼膏;\n　　眼睛红肿时，不宜配戴角膜接触镜，不宜眼部化妆，一旦发现眼部感染', '1', '3', '1', '，向医生求助。使用纸巾或一次性毛巾。'), ('33_2014070616020300', '33_20140706160147', '7', '1231231', '1', '2', '1', '魏世辉'), ('33_2014070616020310', '33_20140706160147', '8', '', '0', '0', '1', null), ('33_2014070616020320', '33_20140706160147', '9', '', '0', '1', '1', null), ('33_2014070616020330', '33_20140706160147', '10', '', '0', '0', '1', null), ('33_2014070616020340', '33_20140706160147', '11', '', '0', '0', '1', null), ('33_2014070616020350', '33_20140706160147', '12', '我是我是我是我是我是我是我是我是我是我是我是我是我是我是我是我是我是我是我是我是我是我是我是我是我是我是我是我是我是我是我是我是我是我是我是我是我是我是我是我是我是我是我是我是我是我是我是我是我是我是', '1', '2', '1', '赵明威'), ('33_2014070616020360', '33_20140706160147', '13', '医学上称红眼病为急性卡他性结膜炎，其传播途径主要是通过接触传染。往往通过接触病人眼分泌物或泪水沾过的物件(如毛巾、手帕、脸盆、水等)，与红眼病人握手或用脏手揉擦眼睛等，都会被传染，最终造成红眼病的流行', '1', '3', '1', '黎晓新'), ('33_2014070616020370', '33_20140706160147', '14', 'su2', '1', '3', '1', '伍豪'), ('33_2014070616083400', '33_20140706160825', '7', '我是我是我是我是我是我是我是我是我是我是我是我是我是我是我是我是我是我是我是我是我是我是我是我是我是我是我是我是我是我是我是我是我是我是我是我是我是我是我是我是我是我是我是我是我是我是我是我是我是我是', '1', '2', '1', '魏世辉'), ('33_2014070616083410', '33_20140706160825', '8', '', '0', '0', '1', null), ('33_2014070616083420', '33_20140706160825', '9', '', '0', '1', '1', null), ('33_2014070616083430', '33_20140706160825', '10', '', '0', '0', '1', null), ('33_2014070616083440', '33_20140706160825', '11', '', '0', '0', '1', null), ('33_2014070616083450', '33_20140706160825', '12', '', '0', '0', '1', null), ('33_2014070616083460', '33_20140706160825', '13', '由于视网膜病变多为糖尿病的并发症，因此主要应控制糖尿病和血压，糖尿病的控制和并发症检查证实强度胰岛素疗法可延缓IDDM病人糖尿病性视网膜病变，肾病和神经病变的发作和减慢其进展，', '1', '1', '1', null), ('33_2014070616083470', '33_20140706160825', '14', '由于视网膜病变多为糖尿病的并发症，因此主要应控制糖尿病和血压，糖尿病的控制和并发症检查证实强度胰岛素疗法可延缓IDDM病人糖尿病性视网膜病变，肾病和神经病变的发作和减慢其进展，', '1', '3', '1', '伍豪'), ('33_2014070616405900', '33_20140706164059', '7', '1313123123', '0', '0', '1', null), ('33_2014070616405910', '33_20140706164059', '8', '', '0', '0', '1', null), ('33_2014070616405920', '33_20140706164059', '9', '', '0', '1', '1', null), ('33_2014070616405930', '33_20140706164059', '10', '', '0', '0', '1', null), ('33_2014070616405940', '33_20140706164059', '11', '', '0', '0', '1', null), ('33_2014070616405950', '33_20140706164059', '12', '', '0', '0', '1', null), ('33_2014070616405960', '33_20140706164059', '13', '', '0', '1', '1', null), ('33_2014070616405970', '33_20140706164059', '14', '预防：引起眼球突出的病因很多，不同的病因，其治疗原则也不同。出现眼球突出的患者，应及时到医院眼科就诊，明确眼球突出的类型及具体原因，进行病因治疗，特别是外伤引起的眼球突出，应及时就诊检查，及时治疗。', '1', '3', '1', '伍豪'), ('33_2014070619052300', '33_20140706190456', '7', '', '0', '0', '1', null), ('33_2014070619052310', '33_20140706190456', '8', '', '0', '0', '1', null), ('33_2014070619052320', '33_20140706190456', '9', '', '0', '1', '1', null), ('33_2014070619052330', '33_20140706190456', '10', '', '0', '0', '1', null), ('33_2014070619052340', '33_20140706190456', '11', '', '0', '0', '1', null), ('33_2014070619052350', '33_20140706190456', '12', '', '0', '0', '1', null), ('33_2014070619052360', '33_20140706190456', '13', '由于视网膜病变多为糖尿病的并发症，因此主要应控制糖尿病和血压，糖尿病的控制和并发症检查证实强度胰岛素疗法可延缓IDDM病人糖尿病性视网膜病变，肾病和神经病变的发作和减慢其进展，', '0', '0', '1', null), ('33_2014070619052370', '33_20140706190456', '14', '', '0', '1', '1', null), ('33_2014070620292600', '33_20140706202119', '7', '', '0', '1', '1', null), ('33_2014070620292610', '33_20140706202119', '8', '', '0', '0', '1', null), ('33_2014070620292620', '33_20140706202119', '9', '', '0', '1', '1', null), ('33_2014070620292630', '33_20140706202119', '10', '', '0', '0', '1', null), ('33_2014070620292640', '33_20140706202119', '11', '', '0', '0', '1', null), ('33_2014070620292650', '33_20140706202119', '12', '', '0', '0', '1', null), ('33_2014070620292660', '33_20140706202119', '13', '', '0', '0', '1', null), ('33_2014070620292670', '33_20140706202119', '14', '', '0', '1', '1', null), ('33_2014070620493700', '33_20140706204527', '7', '', '0', '0', '1', null), ('33_2014070620493710', '33_20140706204527', '8', '', '0', '0', '1', null), ('33_2014070620493720', '33_20140706204527', '9', '', '0', '1', '1', null), ('33_2014070620493730', '33_20140706204527', '10', '', '0', '0', '1', null), ('33_2014070620493740', '33_20140706204527', '11', '', '0', '0', '1', null), ('33_2014070620493750', '33_20140706204527', '12', '', '0', '0', '1', null), ('33_2014070620493760', '33_20140706204527', '13', '', '0', '0', '1', null), ('33_2014070620493770', '33_20140706204527', '14', '', '0', '1', '1', null), ('33_2014071022133300', '33_20140710221336', '7', '由于视网膜病变多为糖尿病的并发症，因此主要应控制糖尿病和血压，糖尿病的控制和并发症检查证实强度胰岛素疗法可延缓IDDM病人糖尿病性视网膜病变，肾病和神经病变的发作和减慢其进展，', '0', '0', '1', null), ('33_2014071022133310', '33_20140710221336', '8', '', '0', '0', '1', null), ('33_2014071022133320', '33_20140710221336', '9', '', '0', '1', '1', null), ('33_2014071022133330', '33_20140710221336', '10', '', '0', '0', '1', null), ('33_2014071022133340', '33_20140710221336', '11', '', '0', '0', '1', null), ('33_2014071022133350', '33_20140710221336', '12', '', '0', '0', '1', null), ('33_2014071022133360', '33_20140710221336', '13', '', '0', '0', '1', null), ('33_2014071022133370', '33_20140710221336', '14', '', '0', '1', '1', null);
COMMIT;

-- ----------------------------
--  Table structure for `doctor`
-- ----------------------------
DROP TABLE IF EXISTS `doctor`;
CREATE TABLE `doctor` (
  `id` int(11) NOT NULL AUTO_INCREMENT,
  `username` varchar(20) DEFAULT NULL,
  `password` varchar(25) DEFAULT NULL,
  `name` varchar(20) DEFAULT NULL,
  `sex` int(11) DEFAULT '1',
  `id_card` varchar(20) DEFAULT NULL,
  `birthday` varchar(15) DEFAULT NULL,
  `position` varchar(15) DEFAULT NULL,
  `title` varchar(15) DEFAULT NULL,
  `political_status` varchar(10) DEFAULT NULL,
  `speciality` varchar(100) DEFAULT NULL,
  `hospital` varchar(20) DEFAULT NULL,
  `telephone` varchar(12) DEFAULT NULL,
  `cellphone` varchar(11) DEFAULT NULL,
  `device_id` varchar(25) DEFAULT NULL,
  `enabled` int(11) NOT NULL DEFAULT '1',
  PRIMARY KEY (`id`)
) ENGINE=InnoDB AUTO_INCREMENT=34 DEFAULT CHARSET=utf8;

-- ----------------------------
--  Records of `doctor`
-- ----------------------------
BEGIN;
INSERT INTO `doctor` VALUES ('27', 'Y1', '1tpuM97ZSi3yvMNHS12MqA==', '陈有信 ', '1', '111', '1968-12-18', '副院长', '教授', '党员', '老年黄斑变性、中渗', '北京协和医院', '82320011', '15167136226', '', '1'), ('28', 'Y2', '1tpuM97ZSi3yvMNHS12MqA==', '刘虎新', '2', '002333', '1972-06-07', '主任', '副教授', '党员', '斜视、弱视及儿童眼病', '江苏省人民医院', '82301010', '13306509165', '', '0'), ('29', 'Y3', '1tpuM97ZSi3yvMNHS12MqA==', '杨培增', '1', '33', '1960-10-12', '33', '教授 ', '群众', '治疗各种顽固葡萄膜炎', '重医附一院', '89898989', '13311002200', '', '1'), ('30', 'Y4', '1tpuM97ZSi3yvMNHS12MqA==', '罗岩', '2', '44yii', '1948-10-04', '无歧', '无d那', '群众', 'chjnmn无', '无ghjj', '89869无', '无23356', '', '1'), ('31', 'Y5', '1tpuM97ZSi3yvMNHS12MqA==', '李莹', '1', '5555555555555', '1945-06-19', '无', '无', '无', '无', '无', '无', '无', '', '0'), ('32', 'Y6', '1tpuM97ZSi3yvMNHS12MqA==', '林明', '1', '666', '1971-07-15', '科长', '教授', '群众', '眼部肿瘤，眼眶血管瘤、血管畸形', '上海第九人民医院', '88889999', '13300020003', '', '0'), ('33', 'Y7', '1tpuM97ZSi3yvMNHS12MqA==', '李德邦', '1', '77123456', '1980-01-01', '好看的', '那天', '无', '无奈要的啊不去', '无法院', '85290027', '13306509166', '', '0');
COMMIT;

-- ----------------------------
--  Table structure for `doctor_beta`
-- ----------------------------
DROP TABLE IF EXISTS `doctor_beta`;
CREATE TABLE `doctor_beta` (
  `id` int(11) NOT NULL,
  `version` int(11) DEFAULT NULL,
  `time` varchar(20) DEFAULT NULL,
  PRIMARY KEY (`id`)
) ENGINE=InnoDB DEFAULT CHARSET=utf8;

-- ----------------------------
--  Records of `doctor_beta`
-- ----------------------------
BEGIN;
INSERT INTO `doctor_beta` VALUES ('27', '14', '00000000000000'), ('28', '1', '00000000000000'), ('29', '4', '00000000000000'), ('30', '2', '00000000000000'), ('31', '1', '00000000000000'), ('32', '0', '00000000000000'), ('33', '6', '00000000000000');
COMMIT;

-- ----------------------------
--  Table structure for `doctor_specialist`
-- ----------------------------
DROP TABLE IF EXISTS `doctor_specialist`;
CREATE TABLE `doctor_specialist` (
  `did` int(11) NOT NULL DEFAULT '0',
  `sid` int(11) NOT NULL DEFAULT '0',
  PRIMARY KEY (`did`,`sid`),
  KEY `S_FK` (`sid`),
  CONSTRAINT `D_FK` FOREIGN KEY (`did`) REFERENCES `doctor` (`id`) ON DELETE CASCADE ON UPDATE CASCADE,
  CONSTRAINT `S_FK` FOREIGN KEY (`sid`) REFERENCES `specialist` (`id`) ON DELETE CASCADE ON UPDATE CASCADE
) ENGINE=InnoDB DEFAULT CHARSET=utf8;

-- ----------------------------
--  Records of `doctor_specialist`
-- ----------------------------
BEGIN;
INSERT INTO `doctor_specialist` VALUES ('27', '7'), ('31', '7'), ('32', '7'), ('33', '7'), ('28', '8'), ('31', '8'), ('32', '8'), ('33', '8'), ('29', '9'), ('31', '9'), ('32', '9'), ('33', '9'), ('30', '10'), ('31', '10'), ('32', '10'), ('33', '10'), ('30', '11'), ('32', '11'), ('33', '11'), ('32', '12'), ('33', '12'), ('32', '13'), ('33', '13'), ('32', '14'), ('33', '14');
COMMIT;

-- ----------------------------
--  Table structure for `feedback`
-- ----------------------------
DROP TABLE IF EXISTS `feedback`;
CREATE TABLE `feedback` (
  `id` int(11) NOT NULL AUTO_INCREMENT,
  `type` int(11) NOT NULL,
  `rid` int(11) NOT NULL,
  `content` varchar(100) NOT NULL,
  PRIMARY KEY (`id`)
) ENGINE=InnoDB AUTO_INCREMENT=5 DEFAULT CHARSET=utf8;

-- ----------------------------
--  Records of `feedback`
-- ----------------------------
BEGIN;
INSERT INTO `feedback` VALUES ('1', '1', '1', '啦啦啦'), ('2', '1', '1', '不聊了'), ('3', '1', '1', '软件bug比较多'), ('4', '1', '1', '好软件我也想想想到了吗啡我也有人间谍我是因为您也要不要不要不要不要不要去过了?不能做到来看望月色情绪我是我也许久违反映山红包容貌合神离不开车辆了我想到我是因为您说了?不能做到');
COMMIT;

-- ----------------------------
--  Table structure for `image`
-- ----------------------------
DROP TABLE IF EXISTS `image`;
CREATE TABLE `image` (
  `id` varchar(30) NOT NULL,
  `cid` varchar(21) DEFAULT NULL,
  `isupload` int(11) DEFAULT '0',
  `enabled` int(11) DEFAULT '1',
  PRIMARY KEY (`id`),
  KEY `IC_FK` (`cid`),
  CONSTRAINT `IC_FK` FOREIGN KEY (`cid`) REFERENCES `case_history` (`id`) ON DELETE CASCADE ON UPDATE CASCADE
) ENGINE=InnoDB DEFAULT CHARSET=utf8;

-- ----------------------------
--  Records of `image`
-- ----------------------------
BEGIN;
INSERT INTO `image` VALUES ('27_20140706125006.jpeg', '27_20140706125016', '0', '0'), ('27_20140706125500.jpeg', '27_20140706125016', '1', '1'), ('29_20140706153233.jpeg', '29_20140706153303', '1', '1'), ('29_20140706153248.jpeg', '29_20140706153303', '1', '1'), ('29_20140706154549.jpeg', '29_20140706154638', '1', '1'), ('29_20140706154611.jpeg', '29_20140706154638', '1', '1'), ('29_20140706154625.jpeg', '29_20140706154638', '1', '1'), ('29_20140706201120.jpeg', '29_20140706201237', '1', '1'), ('29_20140706201139.jpeg', '29_20140706201237', '1', '1'), ('29_20140706201156.jpeg', '29_20140706201237', '1', '1'), ('29_20140706201208.jpeg', '29_20140706201237', '1', '1'), ('29_20140706201224.jpeg', '29_20140706201237', '1', '1'), ('29_20140713221942.jpeg', '29_20140713222027', '1', '1'), ('29_20140713222001.jpeg', '29_20140713222027', '1', '1'), ('29_20140722230219.jpeg', '29_20140722230216', '1', '1'), ('30_20140709093348.jpeg', '30_20140709093426', '1', '1'), ('30_20140709093403.jpeg', '30_20140709093426', '1', '1'), ('30_20140709093414.jpeg', '30_20140709093426', '0', '1'), ('30_20140713224226.jpeg', '30_20140713224308', '1', '1'), ('30_20140713224245.jpeg', '30_20140713224308', '1', '1'), ('31_20140706151335.jpeg', '31_20140706151354', '1', '1'), ('31_20140706151359.jpeg', '31_20140706151354', '1', '1'), ('33_20140706160029.jpeg', '33_20140706160147', '1', '1'), ('33_20140706160042.jpeg', '33_20140706160147', '1', '1'), ('33_20140706160101.jpeg', '33_20140706160147', '1', '1'), ('33_20140706160118.jpeg', '33_20140706160147', '1', '1'), ('33_20140706160135.jpeg', '33_20140706160147', '1', '1'), ('33_20140706160739.jpeg', '33_20140706160825', '1', '1'), ('33_20140706160800.jpeg', '33_20140706160825', '1', '1'), ('33_20140706164020.jpeg', '33_20140706164059', '1', '1'), ('33_20140706173154.jpeg', '33_20140706173242', '0', '1'), ('33_20140706173226.jpeg', '33_20140706173242', '0', '1'), ('33_20140706183450.jpeg', '33_20140706183505', '0', '1'), ('33_20140706190425.jpeg', '33_20140706190456', '1', '1'), ('33_20140706190440.jpeg', '33_20140706190456', '0', '1'), ('33_20140706202009.jpeg', '33_20140706202119', '1', '1'), ('33_20140706202022.jpeg', '33_20140706202119', '1', '1'), ('33_20140706202034.jpeg', '33_20140706202119', '1', '1'), ('33_20140706202047.jpeg', '33_20140706202119', '1', '1'), ('33_20140706202104.jpeg', '33_20140706202119', '1', '1'), ('33_20140706204356.jpeg', '33_20140706204527', '1', '1'), ('33_20140706204417.jpeg', '33_20140706204527', '1', '1'), ('33_20140706204435.jpeg', '33_20140706204527', '1', '1'), ('33_20140706204455.jpeg', '33_20140706204527', '1', '1'), ('33_20140706204511.jpeg', '33_20140706204527', '1', '1'), ('33_20140710221256.jpeg', '33_20140710221336', '1', '1'), ('33_20140710221309.jpeg', '33_20140710221336', '1', '1'), ('33_20140710221324.jpeg', '33_20140710221336', '1', '1');
COMMIT;

-- ----------------------------
--  Table structure for `manager`
-- ----------------------------
DROP TABLE IF EXISTS `manager`;
CREATE TABLE `manager` (
  `username` varchar(20) NOT NULL,
  `password` varchar(20) NOT NULL,
  PRIMARY KEY (`username`)
) ENGINE=InnoDB DEFAULT CHARSET=utf8;

-- ----------------------------
--  Records of `manager`
-- ----------------------------
BEGIN;
INSERT INTO `manager` VALUES ('admin', '123456');
COMMIT;

-- ----------------------------
--  Table structure for `menu_info`
-- ----------------------------
DROP TABLE IF EXISTS `menu_info`;
CREATE TABLE `menu_info` (
  `id` int(11) NOT NULL AUTO_INCREMENT,
  `component` varchar(255) DEFAULT NULL,
  `description` varchar(255) DEFAULT NULL,
  `iconcls` varchar(255) DEFAULT NULL,
  `text` varchar(255) DEFAULT NULL,
  `sort` int(11) DEFAULT NULL,
  `type` varchar(255) DEFAULT NULL,
  `parent_id` int(11) DEFAULT NULL,
  `leaf` varchar(20) DEFAULT NULL,
  PRIMARY KEY (`id`),
  KEY `FK5E13532B60A4259E` (`parent_id`)
) ENGINE=InnoDB AUTO_INCREMENT=3003 DEFAULT CHARSET=utf8;

-- ----------------------------
--  Records of `menu_info`
-- ----------------------------
BEGIN;
INSERT INTO `menu_info` VALUES ('2000', null, '系统管理', 'system', '系统管理', '1', 'URL', '0', null), ('2001', 'user/doctorInfoAction!forwordDoctorInfo.do', '医生信息管理', 'system', '医生信息管理', '1', 'URL', '2000', 'true'), ('2002', 'user/specialistInfoAction!forwordSpecialistInfo.do', '专家信息管理', 'system', '专家信息管理', '2', 'URL', '2000', 'true'), ('2003', 'user/patientInfoAction!forwordPatientInfo.do', '病患信息管理', 'system', '病患信息管理', '3', 'URL', '2000', 'true'), ('2004', 'user/doctorInfoAction!forwordRelationInfo.do', '医生专家关系', 'system', '医生专家关系', '4', 'URL', '2000', 'true'), ('2005', 'office/feedBackAction!forwordFeedBack.do', '用户反馈信息', 'system', '用户反馈信息', '5', 'URL', '2000', 'true'), ('2006', 'office/symptomAction!forwordSymptom.do', '常用病情管理', 'system', '常用病情管理', '6', 'URL', '2000', 'true'), ('2007', 'office/prescriptionAction!forwordPrescription.do', '常用处方管理', 'system', '常用处方管理', '7', 'URL', '2000', 'true'), ('2008', 'office/suggestionAction!forwordSuggestion.do', '常用点评管理', 'system', '常用点评管理', '8', 'URL', '2000', 'true'), ('3000', null, '用户功能', 'specialist', '用户功能', '2', 'URL', '0', null), ('3001', 'office/commentAction!forwordComment.do?flag=1', '已点评列表', 'specialist', '已点评列表', '1', 'URL', '3000', 'true'), ('3002', 'office/commentAction!forwordComment.do?flag=0', '未点评列表', 'specialist', '未点评列表', '1', 'URL', '3000', 'true');
COMMIT;

-- ----------------------------
--  Table structure for `message`
-- ----------------------------
DROP TABLE IF EXISTS `message`;
CREATE TABLE `message` (
  `id` varchar(21) NOT NULL,
  `did` int(11) DEFAULT NULL,
  `pid` varchar(21) DEFAULT NULL,
  `content` varchar(70) DEFAULT NULL,
  `enabled` int(11) DEFAULT '1',
  PRIMARY KEY (`id`),
  KEY `MP_FK` (`pid`),
  KEY `MD_FK` (`did`),
  CONSTRAINT `MD_FK` FOREIGN KEY (`did`) REFERENCES `doctor` (`id`) ON DELETE CASCADE ON UPDATE CASCADE,
  CONSTRAINT `MP_FK` FOREIGN KEY (`pid`) REFERENCES `patient` (`id`) ON DELETE CASCADE ON UPDATE CASCADE
) ENGINE=InnoDB DEFAULT CHARSET=utf8;

-- ----------------------------
--  Records of `message`
-- ----------------------------
BEGIN;
INSERT INTO `message` VALUES ('33_20140706175843', '33', '33_20140706172832', '请回电，谢谢！', '0');
COMMIT;

-- ----------------------------
--  Table structure for `patient`
-- ----------------------------
DROP TABLE IF EXISTS `patient`;
CREATE TABLE `patient` (
  `id` varchar(20) NOT NULL,
  `name` varchar(20) DEFAULT NULL,
  `did` int(11) DEFAULT NULL,
  `sex` int(11) DEFAULT '1',
  `birthday` varchar(15) DEFAULT NULL,
  `address` varchar(30) DEFAULT NULL,
  `telephone` varchar(12) DEFAULT NULL,
  `allergic_history` varchar(80) DEFAULT NULL,
  `enabled` int(11) DEFAULT '1',
  PRIMARY KEY (`id`),
  KEY `PD_FK` (`did`),
  CONSTRAINT `PD_FK` FOREIGN KEY (`did`) REFERENCES `doctor` (`id`) ON DELETE CASCADE ON UPDATE CASCADE
) ENGINE=InnoDB DEFAULT CHARSET=utf8;

-- ----------------------------
--  Records of `patient`
-- ----------------------------
BEGIN;
INSERT INTO `patient` VALUES ('27_20140706125000', 'yyyy', '27', '1', '1991-01-01', 'ggg', '55566', '无。', '1'), ('29_20140706153122', '退役', '29', '2', '1987-08-01', '科研读到我', '13588889999', '无。责备受不了?', '1'), ('29_20140706154535', '支撑', '29', '2', '1988-07-23', '两次要的了?不要', '156885580055', '无。', '1'), ('29_20140706201104', '小青', '29', '2', '1990-06-26', '伺候我也是我就没睡觉', '12345678900', '无。', '1'), ('29_20140713221634', '村姑', '29', '2', '1984-05-24', '好朋友谊宾馆里外', '12312312312', '无。', '1'), ('30_20140709093337', '心事', '30', '2', '1987-09-27', '无沿', '1234568900', '无。', '1'), ('30_20140713223346', 'yujin', '30', '1', '1990-05-23', 'bhfghcfhjj', '12356789000', '无。', '1'), ('31_20140706151323', '好朋友', '31', '2', '1985-04-23', '白云卷云舒', '135666699999', '无。', '1'), ('33_20140706155735', '多么你好', '33', '1', '1991-01-01', '丹田地震荡气回肠', '13555559999', '无。', '1'), ('33_20140706164004', '难为情', '33', '2', '1988-07-26', '好朋友人间谍我是', '13522223333', '无。', '1'), ('33_20140706165032', '新凤凰', '33', '2', '1988-08-01', '雪地球人间谍我想念', '13522332233', '无。', '1'), ('33_20140706172832', '古龙梁祝', '33', '1', '1989-08-22', '西湖区域就算数钱', '15381198813', '无。青岛就要求婚', '1'), ('33_20140706183443', '慢摇', '33', '1', '1988-10-31', '好玩你就去你', '12345678900', '无。', '0'), ('33_20140706190409', '西凡', '33', '1', '1990-10-30', '7好好了我想的', '13522882299', '无。', '1'), ('33_20140706204349', '东邪', '33', '2', '1988-10-29', '?们是我想要么你说吧', '12345698700', '无。', '1');
COMMIT;

-- ----------------------------
--  Table structure for `prescription`
-- ----------------------------
DROP TABLE IF EXISTS `prescription`;
CREATE TABLE `prescription` (
  `id` int(11) NOT NULL AUTO_INCREMENT,
  `content` varchar(100) NOT NULL,
  PRIMARY KEY (`id`)
) ENGINE=InnoDB AUTO_INCREMENT=9 DEFAULT CHARSET=utf8 ROW_FORMAT=COMPACT;

-- ----------------------------
--  Records of `prescription`
-- ----------------------------
BEGIN;
INSERT INTO `prescription` VALUES ('1', 'prescription1prescription1prescription1prescription1'), ('2', 'prescription2'), ('3', 'prescription3'), ('4', '结膜炎的治疗，若是急性病毒性结膜炎，可点用类固醇(可地松)眼药水，以减轻病情。细菌性结膜炎，则须投与抗生素药水、药膏，甚至口服或注射抗生素。'), ('5', '药物治疗：沙眼衣原体对四环素族、大环内酯类及氟喹诺类抗菌药物敏感。'), ('6', '药物治疗无效，激光光凝是目前治疗脉络膜新生血管的有效方法。在活动期，病灶位于黄斑中心1/4PD以外者，可行激光治疗。'), ('7', '手术治疗：治疗取决于病因学。治疗动静脉瘤应结扎受累的颈总动脉。甲状腺功能亢进引起的眼球突出可能在甲状腺功能亢进控制后消退，偶有顽固病例需施行眼眶减压手术。当眼球突出时必须保护暴露的角膜。'), ('8', '在发病早期和高峰期作分泌物涂片或结膜刮片检查，确定致病菌，并作药敏试验，选择有效药物治疗。分泌物多的患者，可用3%硼酸溶液或生理盐水冲洗结膜囊，若分泌物不多，可用消毒棉签蘸上述溶液清洁眼部。');
COMMIT;

-- ----------------------------
--  Table structure for `specialist`
-- ----------------------------
DROP TABLE IF EXISTS `specialist`;
CREATE TABLE `specialist` (
  `id` int(11) NOT NULL AUTO_INCREMENT,
  `username` varchar(20) DEFAULT NULL,
  `password` varchar(25) DEFAULT NULL,
  `sex` int(11) DEFAULT '1',
  `name` varchar(20) DEFAULT NULL,
  `id_card` varchar(20) DEFAULT NULL,
  `birthday` varchar(15) DEFAULT NULL,
  `position` varchar(15) DEFAULT NULL,
  `title` varchar(15) DEFAULT NULL,
  `political_status` varchar(10) DEFAULT NULL,
  `speciality` varchar(100) DEFAULT NULL,
  `hospital` varchar(20) DEFAULT NULL,
  `telephone` varchar(12) DEFAULT NULL,
  `cellphone` varchar(11) DEFAULT NULL,
  `device_id` varchar(25) DEFAULT NULL,
  `enabled` int(11) NOT NULL DEFAULT '1',
  PRIMARY KEY (`id`)
) ENGINE=InnoDB AUTO_INCREMENT=15 DEFAULT CHARSET=utf8 ROW_FORMAT=COMPACT;

-- ----------------------------
--  Records of `specialist`
-- ----------------------------
BEGIN;
INSERT INTO `specialist` VALUES ('7', 'Z1', '1tpuM97ZSi3yvMNHS12MqA==', '1', '魏世辉', 'Z001', '1950-02-09', '院长', '教授', '党员', '在视神经炎与多发性硬化，间接视神经损伤', '301医院', '80001000', '13306509165', '', '1'), ('8', 'Z2', '1tpuM97ZSi3yvMNHS12MqA==', '2', '李莹', 'Z002', '1972-09-08', '院长', '教授', '中共党员', '屈光性近视手术(全飞秒、半飞秒激光', '北京协和医院', '80002000', '15167136226', '', '1'), ('9', 'Z3', '1tpuM97ZSi3yvMNHS12MqA==', '1', '张顺华', '33333', '2014-07-06', '主任', '教授', '党员', '白内障、青光眼、干眼病 ', '北京协和医院', '88889999', '13000010002', '', '1'), ('10', 'Z4', '1tpuM97ZSi3yvMNHS12MqA==', '1', '朱煌', '44444', '1971-07-23', '副主任', '教授', '党员', '近视、屈光不正的激光手术', '新华医院', '888899999', '13000001111', '', '1'), ('11', 'Z5', '1tpuM97ZSi3yvMNHS12MqA==', '2', '林明', 'Z5555555', '1971-09-07', '副主任', '讲师', '国民党员', '眼底病，眼外伤，白内障', '北大人民医院', '01082320110', '13900010002', '', '1'), ('12', 'Z6', '1tpuM97ZSi3yvMNHS12MqA==', '1', '赵明威', '66', '2014-07-06', '66', '66', '66', '66', '66', '66', '66', '', '1'), ('13', 'Z7', '1tpuM97ZSi3yvMNHS12MqA==', '2', '黎晓新', '776', '1979-05-08', '776', '776', '77', '776', '776', '776', '776', '', '1'), ('14', 'Z8', '1tpuM97ZSi3yvMNHS12MqA==', '1', '伍豪', '88', '1967-05-10', '88', '88', '88', '88', '88', '88', '15381198813', '', '0');
COMMIT;

-- ----------------------------
--  Table structure for `specialist_beta`
-- ----------------------------
DROP TABLE IF EXISTS `specialist_beta`;
CREATE TABLE `specialist_beta` (
  `id` int(11) NOT NULL,
  `version` int(11) DEFAULT NULL,
  `time` varchar(20) DEFAULT NULL,
  PRIMARY KEY (`id`)
) ENGINE=InnoDB DEFAULT CHARSET=utf8 ROW_FORMAT=COMPACT;

-- ----------------------------
--  Records of `specialist_beta`
-- ----------------------------
BEGIN;
INSERT INTO `specialist_beta` VALUES ('7', '0', '20140713221533343'), ('8', '0', '00000000000000'), ('9', '0', '20140722230342697'), ('10', '0', '20140709093939312'), ('11', '0', '00000000000000'), ('12', '0', '20140713220928140'), ('13', '0', '20140706170214906'), ('14', '0', '20140712062611531');
COMMIT;

-- ----------------------------
--  Table structure for `suggestion`
-- ----------------------------
DROP TABLE IF EXISTS `suggestion`;
CREATE TABLE `suggestion` (
  `id` int(11) NOT NULL AUTO_INCREMENT,
  `content` varchar(100) NOT NULL,
  PRIMARY KEY (`id`)
) ENGINE=InnoDB AUTO_INCREMENT=9 DEFAULT CHARSET=utf8 ROW_FORMAT=COMPACT;

-- ----------------------------
--  Records of `suggestion`
-- ----------------------------
BEGIN;
INSERT INTO `suggestion` VALUES ('1', 'sugge1'), ('2', 'su2'), ('4', '医学上称红眼病为急性卡他性结膜炎，其传播途径主要是通过接触传染。往往通过接触病人眼分泌物或泪水沾过的物件(如毛巾、手帕、脸盆、水等)，与红眼病人握手或用脏手揉擦眼睛等，都会被传染，最终造成红眼病的流行'), ('5', '预防：引起眼球突出的病因很多，不同的病因，其治疗原则也不同。出现眼球突出的患者，应及时到医院眼科就诊，明确眼球突出的类型及具体原因，进行病因治疗，特别是外伤引起的眼球突出，应及时就诊检查，及时治疗。'), ('6', '由于视网膜病变多为糖尿病的并发症，因此主要应控制糖尿病和血压，糖尿病的控制和并发症检查证实强度胰岛素疗法可延缓IDDM病人糖尿病性视网膜病变，肾病和神经病变的发作和减慢其进展，'), ('7', '习惯常用温水和肥皂洗手;\n　　不与他人共用眼水或眼膏;\n　　眼睛红肿时，不宜配戴角膜接触镜，不宜眼部化妆，一旦发现眼部感染 ，向医生求助。使用纸巾或一次性毛巾。'), ('8', '预防：沙眼衣原体常附在病人眼的分泌物中，任何与此分泌物接触的情况，均可造成沙眼传播感染的机会。因此，应加强宣传教育，把防治眼病的知识传给群众，贯彻预防为主的方针。培养良好卫生习惯。不用手揉眼，毛巾');
COMMIT;

-- ----------------------------
--  Table structure for `symptom`
-- ----------------------------
DROP TABLE IF EXISTS `symptom`;
CREATE TABLE `symptom` (
  `id` int(11) NOT NULL AUTO_INCREMENT,
  `content` varchar(100) NOT NULL,
  PRIMARY KEY (`id`)
) ENGINE=InnoDB AUTO_INCREMENT=16 DEFAULT CHARSET=utf8;

-- ----------------------------
--  Records of `symptom`
-- ----------------------------
BEGIN;
INSERT INTO `symptom` VALUES ('1', 'symptom1'), ('2', 'symptom2'), ('3', 'symptom3'), ('4', 'lsdsd闪电似的速度速度速度都是 闪电似的   闪电似的速度速度速度都是 闪电似的   '), ('5', '闪电似的速度速度速度都是 闪电似的   闪电似的速度速度速度都是 闪电似的   闪电似的速度速度速度都是 闪电似的   闪电似的速度速度速度都是 闪电似的   闪电似的速度速度速度都是 闪电似的   '), ('6', '闪电似的速度速度速度都是 闪电似的   '), ('7', '闪电似的速度速度速度都是 闪电似的   '), ('8', '闪电似的速度速度速度都是 闪电似的   '), ('9', '闪电似的速度速度速度都是 闪电似的   '), ('10', '闪电似的速度速度速度都是 闪电似的   '), ('11', '闪电似的速度速度速度都是 闪电似的   '), ('12', '闪电似的速度速度速度都是 闪电似的   '), ('13', '光线被混浊晶状体阻扰无法投射在视网膜上，不能看清物体。'), ('14', '有怕光、流泪、疼痛，重者有眼睑痉挛等刺激症状。当角膜上皮剥脱时可导致剧烈眼疼。'), ('15', '5.低、中度者眼底一般无变化或呈豹纹状眼底，近视孤形斑，高度近视者视神经乳头颞侧或周围　环状脉络膜萎缩，黄斑变性、出血、富克斯（Ｆｕｃｈｓ）斑，后巩膜葡萄肿，并易发生视网膜裂　孔和视网膜脱离；\n');
COMMIT;

-- ----------------------------
--  Table structure for `test`
-- ----------------------------
DROP TABLE IF EXISTS `test`;
CREATE TABLE `test` (
  `a` char(1) DEFAULT NULL
) ENGINE=InnoDB DEFAULT CHARSET=utf8;

-- ----------------------------
--  Triggers structure for table doctor
-- ----------------------------
CREATE TRIGGER `AddBeta` AFTER INSERT ON `doctor` FOR EACH ROW begin
insert into doctor_beta values(new.id,0,'00000000000000');
end;

-- ----------------------------
--  Triggers structure for table specialist
-- ----------------------------
CREATE TRIGGER `AddBeta2` AFTER INSERT ON `specialist` FOR EACH ROW begin
insert into specialist_beta values(new.id,0,'00000000000000');
end;

SET FOREIGN_KEY_CHECKS = 1;
